"tempTest","lnBWg","model_predFE","CI_2.5","CI_97.5"
0,-3.5405,-3.0233890958466,-3.58955131401377,-2.45655809615881
1,-3.5405,-3.02424958746467,-3.57855666912971,-2.4671528051354
2,-3.5405,-3.02511007908274,-3.56756202424565,-2.477747514112
3,-3.5405,-3.02597057070081,-3.55656737936159,-2.48834222308859
4,-3.5405,-3.02683106231888,-3.54557273447752,-2.49893693206518
5,-3.5405,-3.02769155393695,-3.53457808959346,-2.50953164104178
6,-3.5405,-3.02855204555503,-3.5235834447094,-2.52012635001837
7,-3.5405,-3.0294125371731,-3.51258879982534,-2.5176890156861
8,-3.5405,-3.03027302879117,-3.50159415494128,-2.51123026068265
9,-3.5405,-3.03113352040924,-3.49059951005722,-2.5047715056792
10,-3.5405,-3.03199401202731,-3.47960486517316,-2.49831275067576
11,-3.5405,-3.03285450364538,-3.4686102202891,-2.49185399567231
12,-3.5405,-3.03371499526345,-3.46087785220877,-2.48539524066886
13,-3.5405,-3.03457548688152,-3.45817410481258,-2.47893648566541
14,-3.5405,-3.0354359784996,-3.45547035741639,-2.47247773066196
15,-3.5405,-3.03629647011767,-3.4527666100202,-2.46601897565851
16,-3.5405,-3.03715696173574,-3.45006286262402,-2.45956022065506
17,-3.5405,-3.03801745335381,-3.44735911522783,-2.45310146565161
18,-3.5405,-3.03887794497188,-3.44465536783164,-2.44664271064816
19,-3.5405,-3.03973843658995,-3.44195162043545,-2.44018395564471
20,-3.5405,-3.04059892820802,-3.43924787303927,-2.43372520064126
21,-3.5405,-3.04145941982609,-3.43654412564308,-2.42726644563781
22,-3.5405,-3.04231991144417,-3.43384037824689,-2.42080769063436
23,-3.5405,-3.04318040306224,-3.4311366308507,-2.41434893563091
24,-3.5405,-3.04404089468031,-3.42843288345452,-2.40789018062746
25,-3.5405,-3.04490138629838,-3.42572913605833,-2.40143142562401
26,-3.5405,-3.04576187791645,-3.42302538866214,-2.39497267062056
27,-3.5405,-3.04662236953452,-3.42032164126595,-2.38851391561711
28,-3.5405,-3.04748286115259,-3.41761789386977,-2.38205516061366
29,-3.5405,-3.04834335277066,-3.41491414647358,-2.37559640561021
30,-3.5405,-3.04920384438873,-3.41221039907739,-2.36913765060676
31,-3.5405,-3.05006433600681,-3.4095066516812,-2.36267889560331
0,-3.0405,-2.67696456888847,-3.20147588343672,-2.15602983314623
1,-3.0405,-2.6755469640951,-3.18870323646268,-2.16393877360851
2,-3.0405,-2.67412935930173,-3.17593058948864,-2.1718477140708
3,-3.0405,-2.67271175450836,-3.1631579425146,-2.17975665453308
4,-3.0405,-2.67129414971499,-3.15038529554055,-2.18766559499536
5,-3.0405,-2.66987654492162,-3.13761264856651,-2.19557453545765
6,-3.0405,-2.66845894012825,-3.12484000159247,-2.20348347591993
7,-3.0405,-2.66704133533488,-3.11206735461843,-2.21139241638221
8,-3.0405,-2.66562373054151,-3.09929470764439,-2.21930135684449
9,-3.0405,-2.66420612574814,-3.08652206067035,-2.21490032414622
10,-3.0405,-2.66278852095477,-3.07374941369631,-2.20645489143571
11,-3.0405,-2.66137091616139,-3.06097676672226,-2.19800945872519
12,-3.0405,-2.65995331136802,-3.04820411974822,-2.18956402601468
13,-3.0405,-2.65853570657465,-3.03543147277418,-2.18111859330417
14,-3.0405,-2.65711810178128,-3.02265882580014,-2.17267316059365
15,-3.0405,-2.65570049698791,-3.0098861788261,-2.16422772788314
16,-3.0405,-2.65428289219454,-3.00028508846623,-2.15578229517263
17,-3.0405,-2.65286528740117,-2.9956966506529,-2.14733686246211
18,-3.0405,-2.6514476826078,-2.99110821283958,-2.1388914297516
19,-3.0405,-2.65003007781443,-2.98651977502626,-2.13044599704109
20,-3.0405,-2.64861247302106,-2.98193133721293,-2.12200056433057
21,-3.0405,-2.64719486822768,-2.97734289939961,-2.11355513162006
22,-3.0405,-2.64577726343431,-2.97275446158629,-2.10510969890955
23,-3.0405,-2.64435965864094,-2.96816602377296,-2.09666426619903
24,-3.0405,-2.64294205384757,-2.96357758595964,-2.08821883348852
25,-3.0405,-2.6415244490542,-2.95898914814632,-2.07977340077801
26,-3.0405,-2.64010684426083,-2.95440071033299,-2.07132796806749
27,-3.0405,-2.63868923946746,-2.94981227251967,-2.06288253535698
28,-3.0405,-2.63727163467409,-2.94522383470635,-2.05443710264647
29,-3.0405,-2.63585402988072,-2.94063539689302,-2.04599166993595
30,-3.0405,-2.63443642508735,-2.9360469590797,-2.03754623722544
31,-3.0405,-2.63301882029397,-2.93145852126638,-2.02910080451493
0,-2.5405,-2.33054004193035,-2.81340045285967,-1.85550157013365
1,-2.5405,-2.32684434072554,-2.79884980379565,-1.86072474208162
2,-2.5405,-2.32314863952072,-2.78429915473163,-1.8659479140296
3,-2.5405,-2.31945293831591,-2.7697485056676,-1.87117108597757
4,-2.5405,-2.3157572371111,-2.75519785660358,-1.87639425792554
5,-2.5405,-2.31206153590628,-2.74064720753956,-1.88161742987351
6,-2.5405,-2.30836583470147,-2.72609655847554,-1.88684060182149
7,-2.5405,-2.30467013349666,-2.71154590941151,-1.89206377376946
8,-2.5405,-2.30097443229185,-2.69699526034749,-1.89728694571743
9,-2.5405,-2.29727873108703,-2.68244461128347,-1.9025101176654
10,-2.5405,-2.29358302988222,-2.66789396221945,-1.90773328961337
11,-2.5405,-2.28988732867741,-2.65334331315542,-1.90416492177808
12,-2.5405,-2.28619162747259,-2.6387926640914,-1.8937328113605
13,-2.5405,-2.28249592626778,-2.62424201502738,-1.88330070094293
14,-2.5405,-2.27880022506297,-2.60969136596336,-1.87286859052535
15,-2.5405,-2.27510452385815,-2.59514071689934,-1.86243648010777
16,-2.5405,-2.27140882265334,-2.58059006783531,-1.85200436969019
17,-2.5405,-2.26771312144853,-2.56603941877129,-1.84157225927262
18,-2.5405,-2.26401742024371,-2.55148876970727,-1.83114014885504
19,-2.5405,-2.2603217190389,-2.53693812064325,-1.82070803843746
20,-2.5405,-2.25662601783409,-2.5246148013866,-1.81027592801989
21,-2.5405,-2.25293031662927,-2.51814167315614,-1.79984381760231
22,-2.5405,-2.24923461542446,-2.51166854492568,-1.78941170718473
23,-2.5405,-2.24553891421965,-2.50519541669522,-1.77897959676716
24,-2.5405,-2.24184321301484,-2.49872228846477,-1.76854748634958
25,-2.5405,-2.23814751181002,-2.49224916023431,-1.758115375932
26,-2.5405,-2.23445181060521,-2.48577603200385,-1.74768326551442
27,-2.5405,-2.2307561094004,-2.47930290377339,-1.73725115509685
28,-2.5405,-2.22706040819558,-2.47282977554293,-1.72681904467927
29,-2.5405,-2.22336470699077,-2.46635664731247,-1.71638693426169
30,-2.5405,-2.21966900578596,-2.45988351908201,-1.70595482384412
31,-2.5405,-2.21597330458114,-2.45341039085155,-1.69552271342654
0,-2.0405,-1.98411551497223,-2.42532502228262,-1.55497330712107
1,-2.0405,-1.97814171735597,-2.40899637112862,-1.55751071055473
2,-2.0405,-1.97216791973972,-2.39266771997462,-1.56004811398839
3,-2.0405,-1.96619412212346,-2.37633906882061,-1.56258551742206
4,-2.0405,-1.96022032450721,-2.36001041766661,-1.56512292085572
5,-2.0405,-1.95424652689095,-2.34368176651261,-1.56766032428938
6,-2.0405,-1.9482727292747,-2.3273531153586,-1.57019772772304
7,-2.0405,-1.94229893165844,-2.3110244642046,-1.5727351311567
8,-2.0405,-1.93632513404218,-2.2946958130506,-1.57527253459037
9,-2.0405,-1.93035133642593,-2.27836716189659,-1.57780993802403
10,-2.0405,-1.92437753880967,-2.26203851074259,-1.58034734145769
11,-2.0405,-1.91840374119342,-2.24570985958859,-1.58288474489135
12,-2.0405,-1.91242994357716,-2.22938120843458,-1.58542214832501
13,-2.0405,-1.90645614596091,-2.21305255728058,-1.58548280858169
14,-2.0405,-1.90048234834465,-2.19672390612658,-1.57306402045704
15,-2.0405,-1.8945085507284,-2.18039525497257,-1.5606452323324
16,-2.0405,-1.88853475311214,-2.16406660381857,-1.54822644420776
17,-2.0405,-1.88256095549589,-2.14773795266457,-1.53580765608312
18,-2.0405,-1.87658715787963,-2.13140930151056,-1.52338886795848
19,-2.0405,-1.87061336026338,-2.11508065035656,-1.51097007983384
20,-2.0405,-1.86463956264712,-2.09875199920256,-1.4985512917092
21,-2.0405,-1.85866576503087,-2.08242334804855,-1.48613250358456
22,-2.0405,-1.85269196741461,-2.06609469689455,-1.47371371545992
23,-2.0405,-1.84671816979836,-2.04976604574055,-1.46129492733528
24,-2.0405,-1.8407443721821,-2.03386699096989,-1.44887613921064
25,-2.0405,-1.83477057456584,-2.02550917232229,-1.436457351086
26,-2.0405,-1.82879677694959,-2.0171513536747,-1.42403856296136
27,-2.0405,-1.82282297933333,-2.0087935350271,-1.41161977483672
28,-2.0405,-1.81684918171708,-2.00043571637951,-1.39920098671207
29,-2.0405,-1.81087538410082,-1.99207789773191,-1.38678219858743
30,-2.0405,-1.80490158648457,-1.98372007908432,-1.37436341046279
31,-2.0405,-1.79892778886831,-1.97536226043672,-1.36194462233815
0,-1.5405,-1.6376909880141,-2.03724959170557,-1.25444504410849
1,-1.5405,-1.62943909398641,-2.01914293846159,-1.25429667902784
2,-1.5405,-1.62118719995871,-2.00103628521761,-1.25414831394719
3,-1.5405,-1.61293530593101,-1.98292963197362,-1.25399994886655
4,-1.5405,-1.60468341190331,-1.96482297872964,-1.2538515837859
5,-1.5405,-1.59643151787562,-1.94671632548565,-1.25370321870525
6,-1.5405,-1.58817962384792,-1.92860967224167,-1.2535548536246
7,-1.5405,-1.57992772982022,-1.91050301899768,-1.25340648854395
8,-1.5405,-1.57167583579252,-1.8923963657537,-1.2532581234633
9,-1.5405,-1.56342394176483,-1.87428971250972,-1.25310975838265
10,-1.5405,-1.55517204773713,-1.85618305926573,-1.252961393302
11,-1.5405,-1.54692015370943,-1.83807640602175,-1.25281302822136
12,-1.5405,-1.53866825968173,-1.81996975277776,-1.25266466314071
13,-1.5405,-1.53041636565404,-1.80186309953378,-1.25251629806006
14,-1.5405,-1.52216447162634,-1.78375644628979,-1.25236793297941
15,-1.5405,-1.51391257759864,-1.76564979304581,-1.25221956789876
16,-1.5405,-1.50566068357094,-1.74754313980182,-1.24444851872533
17,-1.5405,-1.49740878954325,-1.72943648655784,-1.23004305289363
18,-1.5405,-1.48915689551555,-1.71132983331386,-1.21563758706192
19,-1.5405,-1.48090500148785,-1.69322318006987,-1.20123212123022
20,-1.5405,-1.47265310746015,-1.67511652682589,-1.18682665539851
21,-1.5405,-1.46440121343246,-1.6570098735819,-1.17242118956681
22,-1.5405,-1.45614931940476,-1.63890322033792,-1.15801572373511
23,-1.5405,-1.44789742537706,-1.62079656709393,-1.1436102579034
24,-1.5405,-1.43964553134936,-1.60268991384995,-1.1292047920717
25,-1.5405,-1.43139363732167,-1.58458326060596,-1.11479932623999
26,-1.5405,-1.42314174329397,-1.56647660736198,-1.10039386040829
27,-1.5405,-1.41488984926627,-1.548369954118,-1.08598839457658
28,-1.5405,-1.40663795523857,-1.53026330087401,-1.07158292874488
29,-1.5405,-1.39838606121088,-1.51779914815136,-1.05717746291317
30,-1.5405,-1.39013416718318,-1.50755663908663,-1.04277199708147
31,-1.5405,-1.38188227315548,-1.49731413002189,-1.02836653124977
0,-1.0405,-1.29126646105598,-1.64917416112853,-0.953916781095911
1,-1.0405,-1.28073647061684,-1.62928950579456,-0.951082647500952
2,-1.0405,-1.2702064801777,-1.6094048504606,-0.948248513905993
3,-1.0405,-1.25967648973856,-1.58952019512663,-0.945414380311034
4,-1.0405,-1.24914649929942,-1.56963553979267,-0.942580246716075
5,-1.0405,-1.23861650886028,-1.5497508844587,-0.939746113121115
6,-1.0405,-1.22808651842114,-1.52986622912473,-0.936911979526156
7,-1.0405,-1.217556527982,-1.50998157379077,-0.934077845931197
8,-1.0405,-1.20702653754286,-1.4900969184568,-0.931243712336238
9,-1.0405,-1.19649654710372,-1.47021226312284,-0.928409578741279
10,-1.0405,-1.18596655666458,-1.45032760778887,-0.92557544514632
11,-1.0405,-1.17543656622544,-1.43044295245491,-0.92274131155136
12,-1.0405,-1.1649065757863,-1.41055829712094,-0.919907177956401
13,-1.0405,-1.15437658534716,-1.39067364178698,-0.917073044361442
14,-1.0405,-1.14384659490802,-1.37078898645301,-0.914238910766483
15,-1.0405,-1.13331660446888,-1.35090433111905,-0.911404777171524
16,-1.0405,-1.12278661402975,-1.33101967578508,-0.908570643576565
17,-1.0405,-1.11225662359061,-1.31113502045111,-0.905736509981606
18,-1.0405,-1.10172663315147,-1.29125036511715,-0.902902376386646
19,-1.0405,-1.09119664271233,-1.27136570978318,-0.891494162626596
20,-1.0405,-1.08066665227319,-1.25148105444922,-0.875102019087828
21,-1.0405,-1.07013666183405,-1.23159639911525,-0.85870987554906
22,-1.0405,-1.05960667139491,-1.21171174378129,-0.842317732010292
23,-1.0405,-1.04907668095577,-1.19182708844732,-0.825925588471524
24,-1.0405,-1.03854669051663,-1.17194243311336,-0.809533444932756
25,-1.0405,-1.02801670007749,-1.15205777777939,-0.793141301393988
26,-1.0405,-1.01748670963835,-1.13217312244543,-0.77674915785522
27,-1.0405,-1.00695671919921,-1.11228846711146,-0.760357014316452
28,-1.0405,-0.996426728760069,-1.09240381177749,-0.743964870777684
29,-1.0405,-0.98589673832093,-1.07251915644353,-0.727572727238916
30,-1.0405,-0.97536674788179,-1.05977476941901,-0.711180583700148
31,-1.0405,-0.96483675744265,-1.04931351682705,-0.69478844016138
0,-0.5405,-0.944841934097856,-1.26109873055148,-0.653388518083331
1,-0.5405,-0.932033847247274,-1.23943607312753,-0.647868615974062
2,-0.5405,-0.919225760396692,-1.21777341570359,-0.642348713864792
3,-0.5405,-0.90641767354611,-1.19611075827964,-0.636828811755522
4,-0.5405,-0.893609586695528,-1.17444810085569,-0.631308909646253
5,-0.5405,-0.880801499844947,-1.15278544343175,-0.625789007536983
6,-0.5405,-0.867993412994365,-1.1311227860078,-0.620269105427713
7,-0.5405,-0.855185326143783,-1.10946012858385,-0.614749203318444
8,-0.5405,-0.842377239293201,-1.08779747115991,-0.609229301209174
9,-0.5405,-0.829569152442619,-1.06613481373596,-0.603709399099904
10,-0.5405,-0.816761065592038,-1.04447215631201,-0.598189496990635
11,-0.5405,-0.803952978741456,-1.02280949888807,-0.592669594881365
12,-0.5405,-0.791144891890874,-1.00114684146412,-0.587149692772095
13,-0.5405,-0.778336805040292,-0.979484184040175,-0.581629790662826
14,-0.5405,-0.76552871818971,-0.957821526616228,-0.576109888553556
15,-0.5405,-0.752720631339129,-0.936158869192282,-0.570589986444286
16,-0.5405,-0.739912544488547,-0.914496211768335,-0.565070084335017
17,-0.5405,-0.727104457637965,-0.892833554344389,-0.559550182225747
18,-0.5405,-0.714296370787383,-0.871170896920442,-0.554030280116477
19,-0.5405,-0.701488283936801,-0.849508239496496,-0.548510378007208
20,-0.5405,-0.688680197086219,-0.827845582072549,-0.542990475897938
21,-0.5405,-0.675872110235638,-0.806182924648603,-0.537470573788668
22,-0.5405,-0.663064023385056,-0.784520267224656,-0.526619740285479
23,-0.5405,-0.650255936534474,-0.76285760980071,-0.508240919039647
24,-0.5405,-0.637447849683892,-0.741194952376763,-0.489862097793815
25,-0.5405,-0.62463976283331,-0.719532294952817,-0.471483276547984
26,-0.5405,-0.611831675982728,-0.703685309434416,-0.453104455302152
27,-0.5405,-0.599023589132147,-0.691152388125389,-0.43472563405632
28,-0.5405,-0.586215502281565,-0.678619466816362,-0.416346812810488
29,-0.5405,-0.573407415430983,-0.666086545507335,-0.397967991564657
30,-0.5405,-0.560599328580401,-0.653553624198308,-0.379589170318825
31,-0.5405,-0.547791241729819,-0.641020702889281,-0.361210349072993
0,-0.0405000000000002,-0.598417407139732,-0.873023299974432,-0.352860255070751
1,-0.0405000000000002,-0.583331223877708,-0.849582640460504,-0.344654584447171
2,-0.0405000000000002,-0.568245040615684,-0.826141980946577,-0.336448913823591
3,-0.0405000000000002,-0.55315885735366,-0.802701321432649,-0.328243243200011
4,-0.0405000000000002,-0.538072674091636,-0.779260661918721,-0.320037572576431
5,-0.0405000000000002,-0.522986490829612,-0.755820002404794,-0.31183190195285
6,-0.0405000000000002,-0.507900307567588,-0.732379342890866,-0.30362623132927
7,-0.0405000000000002,-0.492814124305564,-0.708938683376939,-0.29542056070569
8,-0.0405000000000002,-0.47772794104354,-0.685498023863011,-0.28721489008211
9,-0.0405000000000002,-0.462641757781516,-0.662057364349084,-0.27900921945853
10,-0.0405000000000002,-0.447555574519492,-0.638616704835156,-0.27080354883495
11,-0.0405000000000002,-0.432469391257468,-0.615176045321228,-0.262597878211369
12,-0.0405000000000002,-0.417383207995444,-0.591735385807301,-0.254392207587789
13,-0.0405000000000002,-0.40229702473342,-0.568294726293373,-0.246186536964209
14,-0.0405000000000002,-0.387210841471396,-0.544854066779446,-0.237980866340629
15,-0.0405000000000002,-0.372124658209372,-0.521413407265518,-0.229775195717049
16,-0.0405000000000002,-0.357038474947348,-0.497972747751591,-0.221569525093469
17,-0.0405000000000002,-0.341952291685324,-0.474532088237663,-0.213363854469888
18,-0.0405000000000002,-0.3268661084233,-0.451091428723735,-0.205158183846308
19,-0.0405000000000002,-0.311779925161276,-0.427650769209808,-0.196203404520518
20,-0.0405000000000002,-0.296693741899252,-0.40421010969588,-0.180251827229371
21,-0.0405000000000002,-0.281607558637228,-0.380769450181953,-0.164300249938223
22,-0.0405000000000002,-0.266521375375204,-0.364169199186361,-0.148348672647075
23,-0.0405000000000002,-0.25143519211318,-0.349564609160266,-0.132397095355928
24,-0.0405000000000002,-0.236349008851156,-0.334960019134171,-0.11644551806478
25,-0.0405000000000002,-0.221262825589132,-0.320355429108077,-0.100493940773632
26,-0.0405000000000002,-0.206176642327108,-0.305750839081982,-0.0845423634824847
27,-0.0405000000000002,-0.191090459065084,-0.291146249055887,-0.0685907861913371
28,-0.0405000000000002,-0.17600427580306,-0.276541659029792,-0.0526392089001895
29,-0.0405000000000002,-0.160918092541036,-0.261937069003697,-0.0366876316090418
30,-0.0405000000000002,-0.145831909279012,-0.247332478977602,-0.0207360543178942
31,-0.0405000000000002,-0.130745726016988,-0.232727888951507,-0.000424875490499954
0,0.4595,-0.251992880181608,-0.484947869397384,-0.0523319920581713
1,0.4595,-0.234628600508142,-0.459729207793475,-0.0414405529202806
2,0.4595,-0.217264320834676,-0.434510546189567,-0.0305491137823899
3,0.4595,-0.19990004116121,-0.409291884585658,-0.0196576746444992
4,0.4595,-0.182535761487744,-0.38407322298175,-0.00876623550660858
5,0.4595,-0.165171481814278,-0.358854561377841,0.0021252036312821
6,0.4595,-0.147807202140811,-0.333635899773932,0.0130166427691728
7,0.4595,-0.130442922467345,-0.308417238170024,0.0239080819070634
8,0.4595,-0.113078642793879,-0.283198576566115,0.0347995210449541
9,0.4595,-0.0957143631204129,-0.257979914962206,0.0456909601828448
10,0.4595,-0.0783500834469467,-0.232761253358298,0.0565823993207355
11,0.4595,-0.0609858037734806,-0.207542591754389,0.0735479116160106
12,0.4595,-0.0436215241000144,-0.182323930150481,0.0920266213758038
13,0.4595,-0.0262572444265482,-0.157105268546572,0.110505331135597
14,0.4595,-0.00889296475308208,-0.131886606942663,0.12898404089539
15,0.4595,0.00847131492038409,-0.106667945338755,0.147462750655183
16,0.4595,0.0258355945938503,-0.0814492837348461,0.165941460414976
17,0.4595,0.0431998742673164,-0.0579026974180118,0.18442017017477
18,0.4595,0.0605641539407826,-0.0412264386748491,0.202898879934563
19,0.4595,0.0779284336142487,-0.0245501799316863,0.221377589694356
20,0.4595,0.0952927132877149,-0.00787392118852359,0.239856299454149
21,0.4595,0.112656992961181,0.00880233755463915,0.258335009213942
22,0.4595,0.130021272634647,0.0254785962978019,0.276813718973735
23,0.4595,0.147385552308113,0.0421548550409646,0.295292428733529
24,0.4595,0.16474983198158,0.0588311137841274,0.313771138493322
25,0.4595,0.182114111655046,0.0755073725272901,0.332249848253115
26,0.4595,0.199478391328512,0.0921836312704528,0.350728558012908
27,0.4595,0.216842671001978,0.108859890013616,0.369207267772701
28,0.4595,0.234206950675444,0.125536148756778,0.387685977532494
29,0.4595,0.25157123034891,0.142212407499941,0.406164687292288
30,0.4595,0.268935510022377,0.158888666243104,0.424643397052081
31,0.4595,0.286299789695843,0.175564924986266,0.443122106811874
0,0.9595,0.0944316467765153,-0.116641200346475,0.283281726389489
1,0.9595,0.114074022861424,-0.0922296172958765,0.3029476875399
2,0.9595,0.133716398946332,-0.0678180342452782,0.322613648690312
3,0.9595,0.15335877503124,-0.0434064511946799,0.342279609840723
4,0.9595,0.173001151116149,-0.0189948681440816,0.361945570991135
5,0.9595,0.192643527201057,0.00541671490651666,0.381611532141546
6,0.9595,0.212285903285965,0.0298282979571149,0.401277493291958
7,0.9595,0.231928279370874,0.0542398810077132,0.420943454442369
8,0.9595,0.251570655455782,0.0786514640583115,0.440609415592781
9,0.9595,0.27121303154069,0.10306304710891,0.460275376743192
10,0.9595,0.290855407625599,0.127474630159508,0.479941337893604
11,0.9595,0.310497783710507,0.151886213210106,0.499607299044015
12,0.9595,0.330140159795415,0.176297796260705,0.519273260194427
13,0.9595,0.349782535880324,0.200709379311303,0.538939221344838
14,0.9595,0.369424911965232,0.225120962361901,0.55860518249525
15,0.9595,0.38906728805014,0.2495325454125,0.578271143645661
16,0.9595,0.408709664135049,0.273944128463098,0.597937104796073
17,0.9595,0.428352040219957,0.298355711513696,0.617603065946484
18,0.9595,0.447994416304865,0.322767294564294,0.637269027096895
19,0.9595,0.467636792389774,0.347178877614893,0.656934988247307
20,0.9595,0.487279168474682,0.371590460665491,0.676600949397718
21,0.9595,0.50692154455959,0.396002043716089,0.69626691054813
22,0.9595,0.526563920644499,0.415126391781965,0.715932871698541
23,0.9595,0.546206296729407,0.433874319242195,0.735598832848953
24,0.9595,0.565848672814315,0.452622246702426,0.755264793999364
25,0.9595,0.585491048899224,0.471370174162657,0.774930755149776
26,0.9595,0.605133424984132,0.490118101622887,0.794596716300187
27,0.9595,0.62477580106904,0.508866029083118,0.814262677450599
28,0.9595,0.644418177153949,0.527613956543348,0.83392863860101
29,0.9595,0.664060553238857,0.546361884003579,0.853594599751422
30,0.9595,0.683702929323765,0.56510981146381,0.873260560901833
31,0.9595,0.703345305408674,0.58385773892404,0.892926522052245
0,1.4595,0.440856173734639,0.157010520983873,0.7029044538731
1,1.4595,0.46277664623099,0.18333605305796,0.724455105440648
2,1.4595,0.48469711872734,0.209661585132046,0.746005757008195
3,1.4595,0.506617591223691,0.235987117206133,0.767556408575743
4,1.4595,0.528538063720041,0.262312649280219,0.78910706014329
5,1.4595,0.550458536216392,0.288638181354305,0.810657711710838
6,1.4595,0.572379008712742,0.314963713428392,0.832208363278385
7,1.4595,0.594299481209093,0.341289245502478,0.853759014845933
8,1.4595,0.616219953705443,0.367614777576565,0.87530966641348
9,1.4595,0.638140426201794,0.393940309650651,0.896860317981028
10,1.4595,0.660060898698144,0.420265841724738,0.918410969548575
11,1.4595,0.681981371194495,0.446591373798824,0.939961621116123
12,1.4595,0.703901843690845,0.47291690587291,0.96151227268367
13,1.4595,0.725822316187196,0.499242437946997,0.983062924251218
14,1.4595,0.747742788683546,0.525567970021083,1.00461357581877
15,1.4595,0.769663261179897,0.55189350209517,1.02616422738631
16,1.4595,0.791583733676247,0.578219034169256,1.04771487895386
17,1.4595,0.813504206172598,0.604544566243343,1.06926553052141
18,1.4595,0.835424678668948,0.630870098317429,1.09081618208896
19,1.4595,0.857345151165299,0.657195630391515,1.1123668336565
20,1.4595,0.879265623661649,0.683521162465602,1.13391748522405
21,1.4595,0.901186096158,0.709846694539688,1.1554681367916
22,1.4595,0.92310656865435,0.736172226613775,1.17701878835915
23,1.4595,0.945027041150701,0.762497758687861,1.19856943992669
24,1.4595,0.966947513647051,0.788823290761947,1.22012009149424
25,1.4595,0.988867986143402,0.815148822836034,1.24167074306179
26,1.4595,1.01078845863975,0.84147435491012,1.26322139462934
27,1.4595,1.0327089311361,0.867799886984207,1.28477204619688
28,1.4595,1.05462940363245,0.894125419058293,1.30632269776443
29,1.4595,1.0765498761288,0.92045095113238,1.32787334933198
30,1.4595,1.09847034862515,0.946776483206466,1.34942400089953
31,1.4595,1.1203908211215,0.973102015280552,1.37097465246707
0,1.9595,0.787280700692763,0.429001603153286,1.12252718135671
1,1.9595,0.811479269600555,0.457313812934436,1.1459625233414
2,1.9595,0.835677838508348,0.485626022715586,1.16939786532608
3,1.9595,0.859876407416141,0.513938232496736,1.19283320731076
4,1.9595,0.884074976323934,0.542250442277886,1.21626854929545
5,1.9595,0.908273545231726,0.570562652059036,1.23970389128013
6,1.9595,0.932472114139519,0.598874861840186,1.26313923326481
7,1.9595,0.956670683047312,0.627187071621336,1.2865745752495
8,1.9595,0.980869251955104,0.655499281402487,1.31000991723418
9,1.9595,1.0050678208629,0.683811491183637,1.33344525921886
10,1.9595,1.02926638977069,0.712123700964787,1.35688060120355
11,1.9595,1.05346495867848,0.740435910745937,1.38031594318823
12,1.9595,1.07766352758627,0.768748120527087,1.40375128517291
13,1.9595,1.10186209649407,0.797060330308237,1.4271866271576
14,1.9595,1.12606066540186,0.825372540089387,1.45062196914228
15,1.9595,1.15025923430965,0.853684749870537,1.47405731112696
16,1.9595,1.17445780321745,0.881996959651687,1.49749265311165
17,1.9595,1.19865637212524,0.910309169432837,1.52092799509633
18,1.9595,1.22285494103303,0.938621379213988,1.54436333708101
19,1.9595,1.24705350994082,0.966933588995138,1.5677986790657
20,1.9595,1.27125207884862,0.995245798776288,1.59123402105038
21,1.9595,1.29545064775641,1.02355800855744,1.61466936303507
22,1.9595,1.3196492166642,1.05187021833859,1.63810470501975
23,1.9595,1.34384778557199,1.08018242811974,1.66154004700443
24,1.9595,1.36804635447979,1.10849463790089,1.68497538898912
25,1.9595,1.39224492338758,1.13680684768204,1.7084107309738
26,1.9595,1.41644349229537,1.16511905746319,1.73184607295848
27,1.9595,1.44064206120317,1.19343126724434,1.75528141494317
28,1.9595,1.46484063011096,1.22174347702549,1.77871675692785
29,1.9595,1.48903919901875,1.25005568680664,1.80215209891253
30,1.9595,1.51323776792654,1.27836789658779,1.82558744089722
31,1.9595,1.53743633683434,1.30668010636894,1.8490227828819
0,2.4595,1.13370522765089,0.700992685322698,1.54214990884032
1,2.4595,1.16018189297012,0.731291572810912,1.56746994124214
2,2.4595,1.18665855828936,0.761590460299126,1.59278997364396
3,2.4595,1.21313522360859,0.79188934778734,1.61811000604578
4,2.4595,1.23961188892783,0.822188235275553,1.6434300384476
5,2.4595,1.26608855424706,0.852487122763767,1.66875007084942
6,2.4595,1.2925652195663,0.882786010251981,1.69407010325124
7,2.4595,1.31904188488553,0.913084897740195,1.71939013565306
8,2.4595,1.34551855020477,0.943383785228408,1.74471016805488
9,2.4595,1.371995215524,0.973682672716622,1.7700302004567
10,2.4595,1.39847188084324,1.00398156020484,1.79535023285852
11,2.4595,1.42494854616247,1.03428044769305,1.82067026526034
12,2.4595,1.4514252114817,1.06457933518126,1.84599029766216
13,2.4595,1.47790187680094,1.09487822266948,1.87131033006398
14,2.4595,1.50437854212017,1.12517711015769,1.8966303624658
15,2.4595,1.53085520743941,1.1554759976459,1.92195039486762
16,2.4595,1.55733187275864,1.18577488513412,1.94727042726944
17,2.4595,1.58380853807788,1.21607377262233,1.97259045967125
18,2.4595,1.61028520339711,1.24637266011055,1.99791049207307
19,2.4595,1.63676186871635,1.27667154759876,2.02323052447489
20,2.4595,1.66323853403558,1.30697043508697,2.04855055687671
21,2.4595,1.68971519935482,1.33726932257519,2.07387058927853
22,2.4595,1.71619186467405,1.3675682100634,2.09919062168035
23,2.4595,1.74266852999329,1.39786709755162,2.12451065408217
24,2.4595,1.76914519531252,1.42816598503983,2.14983068648399
25,2.4595,1.79562186063176,1.45846487252804,2.17515071888581
26,2.4595,1.82209852595099,1.48876376001626,2.20047075128763
27,2.4595,1.84857519127023,1.51906264750447,2.22579078368945
28,2.4595,1.87505185658946,1.54936153499268,2.25111081609127
29,2.4595,1.9015285219087,1.5796604224809,2.27643084849309
30,2.4595,1.92800518722793,1.60995930996911,2.30175088089491
31,2.4595,1.95448185254717,1.64025819745733,2.32707091329673
0,2.9595,1.48012975460901,0.972983767492111,1.96177263632393
1,2.9595,1.50888451633969,1.00526933268739,1.98897735914289
2,2.9595,1.53763927807036,1.03755489788267,2.01618208196185
3,2.9595,1.56639403980104,1.06984046307794,2.0433868047808
4,2.9595,1.59514880153172,1.10212602827322,2.07059152759976
5,2.9595,1.6239035632624,1.1344115934685,2.09779625041871
6,2.9595,1.65265832499307,1.16669715866378,2.12500097323767
7,2.9595,1.68141308672375,1.19898272385905,2.15220569605662
8,2.9595,1.71016784845443,1.23126828905433,2.17941041887558
9,2.9595,1.7389226101851,1.26355385424961,2.20661514169453
10,2.9595,1.76767737191578,1.29583941944489,2.23381986451349
11,2.9595,1.79643213364646,1.32812498464016,2.26102458733245
12,2.9595,1.82518689537713,1.36041054983544,2.2882293101514
13,2.9595,1.85394165710781,1.39269611503072,2.31543403297036
14,2.9595,1.88269641883849,1.424981680226,2.34263875578931
15,2.9595,1.91145118056917,1.45726724542127,2.36984347860827
16,2.9595,1.94020594229984,1.48955281061655,2.39704820142722
17,2.9595,1.96896070403052,1.52183837581183,2.42425292424618
18,2.9595,1.9977154657612,1.5541239410071,2.45145764706513
19,2.9595,2.02647022749187,1.58640950620238,2.47866236988409
20,2.9595,2.05522498922255,1.61869507139766,2.50586709270305
21,2.9595,2.08397975095323,1.65098063659294,2.533071815522
22,2.9595,2.1127345126839,1.68326620178821,2.56027653834096
23,2.9595,2.14148927441458,1.71555176698349,2.58748126115991
24,2.9595,2.17024403614526,1.74783733217877,2.61468598397887
25,2.9595,2.19899879787594,1.78012289737405,2.64189070679782
26,2.9595,2.22775355960661,1.81240846256932,2.66909542961678
27,2.9595,2.25650832133729,1.8446940277646,2.69630015243573
28,2.9595,2.28526308306797,1.87697959295988,2.72350487525469
29,2.9595,2.31401784479864,1.90926515815516,2.75070959807364
30,2.9595,2.34277260652932,1.94155072335043,2.7779143208926
31,2.9595,2.37152736826,1.97383628854571,2.80511904371156
0,3.4595,1.82655428156713,1.24497484966152,2.38139536380755
1,3.4595,1.85758713970925,1.27924709256386,2.41048477704364
2,3.4595,1.88861999785137,1.31351933546621,2.43957419027973
3,3.4595,1.91965285599349,1.34779157836855,2.46866360351582
4,3.4595,1.95068571413561,1.38206382127089,2.49775301675191
5,3.4595,1.98171857227773,1.41633606417323,2.526842429988
6,3.4595,2.01275143041985,1.45060830707557,2.5559318432241
7,3.4595,2.04378428856197,1.48488054997791,2.58502125646019
8,3.4595,2.07481714670409,1.51915279288025,2.61411066969628
9,3.4595,2.10585000484621,1.55342503578259,2.64320008293237
10,3.4595,2.13688286298833,1.58769727868493,2.67228949616846
11,3.4595,2.16791572113044,1.62196952158728,2.70137890940455
12,3.4595,2.19894857927256,1.65624176448962,2.73046832264064
13,3.4595,2.22998143741468,1.69051400739196,2.75955773587674
14,3.4595,2.2610142955568,1.7247862502943,2.78864714911283
15,3.4595,2.29204715369892,1.75905849319664,2.81773656234892
16,3.4595,2.32308001184104,1.79333073609898,2.84682597558501
17,3.4595,2.35411286998316,1.82760297900132,2.8759153888211
18,3.4595,2.38514572812528,1.86187522190366,2.90500480205719
19,3.4595,2.4161785862674,1.896147464806,2.93409421529329
20,3.4595,2.44721144440952,1.93041970770835,2.96318362852938
21,3.4595,2.47824430255164,1.96469195061069,2.99227304176547
22,3.4595,2.50927716069376,1.99896419351303,3.02136245500156
23,3.4595,2.54031001883588,2.03323643641537,3.05045186823765
24,3.4595,2.57134287697799,2.06750867931771,3.07954128147374
25,3.4595,2.60237573512011,2.10178092222005,3.10863069470983
26,3.4595,2.63340859326223,2.13605316512239,3.13772010794593
27,3.4595,2.66444145140435,2.17032540802473,3.16680952118202
28,3.4595,2.69547430954647,2.20459765092708,3.19589893441811
29,3.4595,2.72650716768859,2.23886989382942,3.2249883476542
30,3.4595,2.75754002583071,2.27314213673176,3.25407776089029
31,3.4595,2.78857288397283,2.3074143796341,3.28316717412638
0,3.9595,2.17297880852526,1.51696593183094,2.80101809129116
1,3.9595,2.20628976307882,1.55322485244034,2.83199219494439
2,3.9595,2.23960071763238,1.58948377304975,2.86296629859761
3,3.9595,2.27291167218594,1.62574269365915,2.89394040225084
4,3.9595,2.3062226267395,1.66200161426856,2.92491450590407
5,3.9595,2.33953358129306,1.69826053487796,2.9558886095573
6,3.9595,2.37284453584663,1.73451945548736,2.98686271321052
7,3.9595,2.40615549040019,1.77077837609677,3.01783681686375
8,3.9595,2.43946644495375,1.80703729670617,3.04881092051698
9,3.9595,2.47277739950731,1.84329621731558,3.07978502417021
10,3.9595,2.50608835406087,1.87955513792498,3.11075912782343
11,3.9595,2.53939930861443,1.91581405853439,3.14173323147666
12,3.9595,2.57271026316799,1.95207297914379,3.17270733512989
13,3.9595,2.60602121772156,1.9883318997532,3.20368143878312
14,3.9595,2.63933217227512,2.0245908203626,3.23465554243634
15,3.9595,2.67264312682868,2.06084974097201,3.26562964608957
16,3.9595,2.70595408138224,2.09710866158141,3.2966037497428
17,3.9595,2.7392650359358,2.13336758219082,3.32757785339603
18,3.9595,2.77257599048936,2.16962650280022,3.35855195704925
19,3.9595,2.80588694504292,2.20588542340963,3.38952606070248
20,3.9595,2.83919789959648,2.24214434401903,3.42050016435571
21,3.9595,2.87250885415005,2.27840326462844,3.45147426800894
22,3.9595,2.90581980870361,2.31466218523784,3.48244837166216
23,3.9595,2.93913076325717,2.35092110584725,3.51342247531539
24,3.9595,2.97244171781073,2.38718002645665,3.54439657896862
25,3.9595,3.00575267236429,2.42343894706606,3.57537068262185
26,3.9595,3.03906362691785,2.45969786767546,3.60634478627507
27,3.9595,3.07237458147141,2.49595678828487,3.6373188899283
28,3.9595,3.10568553602498,2.53221570889427,3.66829299358153
29,3.9595,3.13899649057854,2.56847462950368,3.69926709723476
30,3.9595,3.1723074451321,2.60473355011308,3.73024120088798
31,3.9595,3.20561839968566,2.64099247072248,3.76121530454121
0,4.4595,2.51940333548338,1.78895701400035,3.22064081877477
1,4.4595,2.55499238644838,1.82720261231682,3.25349961284513
2,4.4595,2.59058143741339,1.86544821063329,3.2863584069155
3,4.4595,2.62617048837839,1.90369380894975,3.31921720098586
4,4.4595,2.6617595393434,1.94193940726622,3.35207599505622
5,4.4595,2.6973485903084,1.98018500558269,3.38493478912659
6,4.4595,2.7329376412734,2.01843060389916,3.41779358319695
7,4.4595,2.76852669223841,2.05667620221563,3.45065237726731
8,4.4595,2.80411574320341,2.0949218005321,3.48351117133768
9,4.4595,2.83970479416841,2.13316739884857,3.51636996540804
10,4.4595,2.87529384513342,2.17141299716503,3.5492287594784
11,4.4595,2.91088289609842,2.2096585954815,3.58208755354877
12,4.4595,2.94647194706342,2.24790419379797,3.61494634761913
13,4.4595,2.98206099802843,2.28614979211444,3.6478051416895
14,4.4595,3.01765004899343,2.32439539043091,3.68066393575986
15,4.4595,3.05323909995843,2.36264098874738,3.71352272983022
16,4.4595,3.08882815092344,2.40088658706384,3.74638152390059
17,4.4595,3.12441720188844,2.43913218538031,3.77924031797095
18,4.4595,3.16000625285345,2.47737778369678,3.81209911204131
19,4.4595,3.19559530381845,2.51562338201325,3.84495790611168
20,4.4595,3.23118435478345,2.55386898032972,3.87781670018204
21,4.4595,3.26677340574846,2.59211457864619,3.9106754942524
22,4.4595,3.30236245671346,2.63036017696266,3.94353428832277
23,4.4595,3.33795150767846,2.66860577527912,3.97639308239313
24,4.4595,3.37354055864347,2.70685137359559,4.00925187646349
25,4.4595,3.40912960960847,2.74509697191206,4.04211067053386
26,4.4595,3.44471866057347,2.78334257022853,4.07496946460422
27,4.4595,3.48030771153848,2.821588168545,4.10782825867459
28,4.4595,3.51589676250348,2.85983376686147,4.14068705274495
29,4.4595,3.55148581346848,2.89807936517793,4.17354584681531
30,4.4595,3.58707486443349,2.9363249634944,4.20640464088568
31,4.4595,3.62266391539849,2.97457056181087,4.23926343495604
0,4.9595,2.8658278624415,2.06094809616976,3.64026354625838
1,4.9595,2.90369500981795,2.10118037219329,3.67500703074588
2,4.9595,2.9415621571944,2.14141264821683,3.70975051523338
3,4.9595,2.97942930457084,2.18164492424036,3.74449399972088
4,4.9595,3.01729645194729,2.22187720026389,3.77923748420838
5,4.9595,3.05516359932373,2.26210947628742,3.81398096869588
6,4.9595,3.09303074670018,2.30234175231095,3.84872445318338
7,4.9595,3.13089789407663,2.34257402833449,3.88346793767088
8,4.9595,3.16876504145307,2.38280630435802,3.91821142215838
9,4.9595,3.20663218882952,2.42303858038155,3.95295490664588
10,4.9595,3.24449933620596,2.46327085640508,3.98769839113338
11,4.9595,3.28236648358241,2.50350313242861,4.02244187562088
12,4.9595,3.32023363095885,2.54373540845215,4.05718536010838
13,4.9595,3.3581007783353,2.58396768447568,4.09192884459588
14,4.9595,3.39596792571175,2.62419996049921,4.12667232908337
15,4.9595,3.43383507308819,2.66443223652274,4.16141581357087
16,4.9595,3.47170222046464,2.70466451254628,4.19615929805837
17,4.9595,3.50956936784108,2.74489678856981,4.23090278254587
18,4.9595,3.54743651521753,2.78512906459334,4.26564626703337
19,4.9595,3.58530366259397,2.82536134061687,4.30038975152087
20,4.9595,3.62317080997042,2.8655936166404,4.33513323600837
21,4.9595,3.66103795734687,2.90582589266394,4.36987672049587
22,4.9595,3.69890510472331,2.94605816868747,4.40462020498337
23,4.9595,3.73677225209976,2.986290444711,4.43936368947087
24,4.9595,3.7746393994762,3.02652272073453,4.47410717395837
25,4.9595,3.81250654685265,3.06675499675806,4.50885065844587
26,4.9595,3.85037369422909,3.1069872727816,4.54359414293337
27,4.9595,3.88824084160554,3.14721954880513,4.57833762742087
28,4.9595,3.92610798898199,3.18745182482866,4.61308111190837
29,4.9595,3.96397513635843,3.22768410085219,4.64782459639587
30,4.9595,4.00184228373488,3.26791637687573,4.68256808088337
31,4.9595,4.03970943111132,3.30814865289926,4.71731156537087
0,5.4595,3.21225238939963,2.33293917833917,4.05988627374199
1,5.4595,3.25239763318752,2.37515813206977,4.09651444864663
2,5.4595,3.2925428769754,2.41737708580037,4.13314262355126
3,5.4595,3.33268812076329,2.45959603953096,4.1697707984559
4,5.4595,3.37283336455118,2.50181499326156,4.20639897336053
5,5.4595,3.41297860833907,2.54403394699215,4.24302714826517
6,5.4595,3.45312385212696,2.58625290072275,4.27965532316981
7,5.4595,3.49326909591484,2.62847185445334,4.31628349807444
8,5.4595,3.53341433970273,2.67069080818394,4.35291167297908
9,5.4595,3.57355958349062,2.71290976191454,4.38953984788371
10,5.4595,3.61370482727851,2.75512871564513,4.42616802278835
11,5.4595,3.6538500710664,2.79734766937573,4.46279619769298
12,5.4595,3.69399531485428,2.83956662310632,4.49942437259762
13,5.4595,3.73414055864217,2.88178557683692,4.53605254750225
14,5.4595,3.77428580243006,2.92400453056752,4.57268072240689
15,5.4595,3.81443104621795,2.96622348429811,4.60930889731153
16,5.4595,3.85457629000584,3.00844243802871,4.64593707221616
17,5.4595,3.89472153379372,3.0506613917593,4.6825652471208
18,5.4595,3.93486677758161,3.0928803454899,4.71919342202543
19,5.4595,3.9750120213695,3.13509929922049,4.75582159693007
20,5.4595,4.01515726515739,3.17731825295109,4.7924497718347
21,5.4595,4.05530250894527,3.21953720668169,4.82907794673934
22,5.4595,4.09544775273316,3.26175616041228,4.86570612164398
23,5.4595,4.13559299652105,3.30397511414288,4.90233429654861
24,5.4595,4.17573824030894,3.34619406787347,4.93896247145325
25,5.4595,4.21588348409683,3.38841302160407,4.97559064635788
26,5.4595,4.25602872788471,3.43063197533467,5.01221882126252
27,5.4595,4.2961739716726,3.47285092906526,5.04884699616715
28,5.4595,4.33631921546049,3.51506988279586,5.08547517107179
29,5.4595,4.37646445924838,3.55728883652645,5.12210334597642
30,5.4595,4.41660970303627,3.59950779025705,5.15873152088106
31,5.4595,4.45675494682415,3.64172674398764,5.1953596957857
0,5.9595,3.55867691635775,2.60493026050859,4.4795090012256
1,5.9595,3.60110025655708,2.64913589194625,4.51802186654738
2,5.9595,3.64352359675641,2.69334152338391,4.55653473186915
3,5.9595,3.68594693695574,2.73754715482156,4.59504759719092
4,5.9595,3.72837027715507,2.78175278625922,4.63356046251269
5,5.9595,3.7707936173544,2.82595841769688,4.67207332783446
6,5.9595,3.81321695755373,2.87016404913454,4.71058619315623
7,5.9595,3.85564029775306,2.9143696805722,4.749099058478
8,5.9595,3.89806363795239,2.95857531200986,4.78761192379978
9,5.9595,3.94048697815172,3.00278094344752,4.82612478912155
10,5.9595,3.98291031835105,3.04698657488518,4.86463765444332
11,5.9595,4.02533365855038,3.09119220632284,4.90315051976509
12,5.9595,4.06775699874971,3.1353978377605,4.94166338508686
13,5.9595,4.11018033894904,3.17960346919816,4.98017625040863
14,5.9595,4.15260367914837,3.22380910063582,5.01868911573041
15,5.9595,4.1950270193477,3.26801473207348,5.05720198105218
16,5.9595,4.23745035954703,3.31222036351114,5.09571484637395
17,5.9595,4.27987369974636,3.3564259949488,5.13422771169572
18,5.9595,4.32229703994569,3.40063162638646,5.17274057701749
19,5.9595,4.36472038014502,3.44483725782412,5.21125344233926
20,5.9595,4.40714372034435,3.48904288926178,5.24976630766104
21,5.9595,4.44956706054368,3.53324852069944,5.28827917298281
22,5.9595,4.49199040074301,3.5774541521371,5.32679203830458
23,5.9595,4.53441374094234,3.62165978357475,5.36530490362635
24,5.9595,4.57683708114167,3.66586541501241,5.40381776894812
25,5.9595,4.619260421341,3.71007104645007,5.44233063426989
26,5.9595,4.66168376154033,3.75427667788773,5.48084349959167
27,5.9595,4.70410710173966,3.79848230932539,5.51935636491344
28,5.9595,4.74653044193899,3.84268794076305,5.55786923023521
29,5.9595,4.78895378213833,3.88689357220071,5.59638209555698
30,5.9595,4.83137712233765,3.93109920363837,5.63489496087875
31,5.9595,4.87380046253698,3.97530483507603,5.67340782620052
0,6.4595,3.90510144331588,2.876921342678,4.89913172870922
1,6.4595,3.94980287992665,2.92311365182272,4.93952928444812
2,6.4595,3.99450431653742,2.96930596096745,4.97992684018703
3,6.4595,4.03920575314819,3.01549827011217,5.02032439592594
4,6.4595,4.08390718975896,3.06169057925689,5.06072195166485
5,6.4595,4.12860862636974,3.10788288840161,5.10111950740375
6,6.4595,4.17331006298051,3.15407519754634,5.14151706314266
7,6.4595,4.21801149959128,3.20026750669106,5.18191461888157
8,6.4595,4.26271293620205,3.24645981583578,5.22231217462048
9,6.4595,4.30741437281283,3.29265212498051,5.26270973035938
10,6.4595,4.3521158094236,3.33884443412523,5.30310728609829
11,6.4595,4.39681724603437,3.38503674326995,5.3435048418372
12,6.4595,4.44151868264514,3.43122905241468,5.38390239757611
13,6.4595,4.48622011925591,3.4774213615594,5.42429995331501
14,6.4595,4.53092155586669,3.52361367070412,5.46469750905392
15,6.4595,4.57562299247746,3.56980597984885,5.50509506479283
16,6.4595,4.62032442908823,3.61599828899357,5.54549262053174
17,6.4595,4.665025865699,3.66219059813829,5.58589017627064
18,6.4595,4.70972730230978,3.70838290728302,5.62628773200955
19,6.4595,4.75442873892055,3.75457521642774,5.66668528774846
20,6.4595,4.79913017553132,3.80076752557246,5.70708284348737
21,6.4595,4.84383161214209,3.84695983471719,5.74748039922627
22,6.4595,4.88853304875287,3.89315214386191,5.78787795496518
23,6.4595,4.93323448536364,3.93934445300663,5.82827551070409
24,6.4595,4.97793592197441,3.98553676215135,5.868673066443
25,6.4595,5.02263735858518,4.03172907129608,5.9090706221819
26,6.4595,5.06733879519595,4.0779213804408,5.94946817792081
27,6.4595,5.11204023180673,4.12411368958553,5.98986573365972
28,6.4595,5.1567416684175,4.17030599873025,6.03026328939863
29,6.4595,5.20144310502827,4.21649830787497,6.07066084513754
30,6.4595,5.24614454163904,4.26269061701969,6.11105840087644
31,6.4595,5.29084597824982,4.30888292616442,6.15145595661535
0,6.9595,4.251525970274,3.14891242484741,5.31875445619283
1,6.9595,4.29850550329621,3.1970914116992,5.36103670234887
2,6.9595,4.34548503631843,3.24527039855098,5.40331894850491
3,6.9595,4.39246456934064,3.29344938540277,5.44560119466096
4,6.9595,4.43944410236286,3.34162837225456,5.487883440817
5,6.9595,4.48642363538507,3.38980735910635,5.53016568697304
6,6.9595,4.53340316840729,3.43798634595813,5.57244793312909
7,6.9595,4.5803827014295,3.48616533280992,5.61473017928513
8,6.9595,4.62736223445171,3.53434431966171,5.65701242544118
9,6.9595,4.67434176747393,3.58252330651349,5.69929467159722
10,6.9595,4.72132130049614,3.63070229336528,5.74157691775326
11,6.9595,4.76830083351836,3.67888128021707,5.78385916390931
12,6.9595,4.81528036654057,3.72706026706885,5.82614141006535
13,6.9595,4.86225989956279,3.77523925392064,5.86842365622139
14,6.9595,4.909239432585,3.82341824077243,5.91070590237744
15,6.9595,4.95621896560722,3.87159722762421,5.95298814853348
16,6.9595,5.00319849862943,3.919776214476,5.99527039468952
17,6.9595,5.05017803165165,3.96795520132779,6.03755264084557
18,6.9595,5.09715756467386,4.01613418817957,6.07983488700161
19,6.9595,5.14413709769607,4.06431317503136,6.12211713315766
20,6.9595,5.19111663071829,4.11249216188315,6.1643993793137
21,6.9595,5.2380961637405,4.16067114873494,6.20668162546974
22,6.9595,5.28507569676272,4.20885013558672,6.24896387162579
23,6.9595,5.33205522978493,4.25702912243851,6.29124611778183
24,6.9595,5.37903476280715,4.3052081092903,6.33352836393787
25,6.9595,5.42601429582936,4.35338709614208,6.37581061009392
26,6.9595,5.47299382885157,4.40156608299387,6.41809285624996
27,6.9595,5.51997336187379,4.44974506984566,6.460375102406
28,6.9595,5.566952894896,4.49792405669744,6.50265734856205
29,6.9595,5.61393242791822,4.54610304354923,6.54493959471809
30,6.9595,5.66091196094043,4.59428203040102,6.58722184087414
31,6.9595,5.70789149396265,4.6424610172528,6.62950408703018
0,7.4595,4.59795049723212,3.42090350701682,5.73837718367644
1,7.4595,4.64720812666578,3.47106917157567,5.78254412024962
2,7.4595,4.69646575609944,3.52123483613452,5.8267110568228
3,7.4595,4.74572338553309,3.57140050069338,5.87087799339598
4,7.4595,4.79498101496675,3.62156616525223,5.91504492996916
5,7.4595,4.84423864440041,3.67173182981108,5.95921186654234
6,7.4595,4.89349627383406,3.72189749436993,6.00337880311552
7,7.4595,4.94275390326772,3.77206315892878,6.0475457396887
8,7.4595,4.99201153270138,3.82222882348763,6.09171267626188
9,7.4595,5.04126916213503,3.87239448804648,6.13587961283505
10,7.4595,5.09052679156869,3.92256015260533,6.18004654940824
11,7.4595,5.13978442100235,3.97272581716418,6.22421348598141
12,7.4595,5.189042050436,4.02289148172303,6.26838042255459
13,7.4595,5.23829967986966,4.07305714628188,6.31254735912777
14,7.4595,5.28755730930332,4.12322281084073,6.35671429570095
15,7.4595,5.33681493873697,4.17338847539958,6.40088123227413
16,7.4595,5.38607256817063,4.22355413995843,6.44504816884731
17,7.4595,5.43533019760429,4.27371980451728,6.48921510542049
18,7.4595,5.48458782703794,4.32388546907613,6.53338204199367
19,7.4595,5.5338454564716,4.37405113363498,6.57754897856685
20,7.4595,5.58310308590526,4.42421679819383,6.62171591514003
21,7.4595,5.63236071533891,4.47438246275268,6.66588285171321
22,7.4595,5.68161834477257,4.52454812731153,6.71004978828639
23,7.4595,5.73087597420623,4.57471379187039,6.75421672485957
24,7.4595,5.78013360363988,4.62487945642924,6.79838366143275
25,7.4595,5.82939123307354,4.67504512098809,6.84255059800593
26,7.4595,5.8786488625072,4.72521078554694,6.88671753457911
27,7.4595,5.92790649194085,4.77537645010579,6.93088447115229
28,7.4595,5.97716412137451,4.82554211466464,6.97505140772547
29,7.4595,6.02642175080817,4.87570777922349,7.01921834429865
30,7.4595,6.07567938024182,4.92587344378234,7.06338528087183
31,7.4595,6.12493700967548,4.97603910834119,7.10755221744501
0,7.9595,4.94437502419025,3.69289458918624,6.15799991116005
1,7.9595,4.99591075003535,3.74504693145215,6.20405153815036
2,7.9595,5.04744647588044,3.79719927371807,6.25010316514068
3,7.9595,5.09898220172554,3.84935161598398,6.296154792131
4,7.9595,5.15051792757064,3.90150395824989,6.34220641912131
5,7.9595,5.20205365341574,3.95365630051581,6.38825804611163
6,7.9595,5.25358937926084,4.00580864278172,6.43430967310194
7,7.9595,5.30512510510594,4.05796098504764,6.48036130009226
8,7.9595,5.35666083095104,4.11011332731355,6.52641292708257
9,7.9595,5.40819655679614,4.16226566957946,6.57246455407289
10,7.9595,5.45973228264123,4.21441801184538,6.61851618106321
11,7.9595,5.51126800848633,4.26657035411129,6.66456780805352
12,7.9595,5.56280373433143,4.31872269637721,6.71061943504384
13,7.9595,5.61433946017653,4.37087503864312,6.75667106203415
14,7.9595,5.66587518602163,4.42302738090904,6.80272268902447
15,7.9595,5.71741091186673,4.47517972317495,6.84877431601478
16,7.9595,5.76894663771183,4.52733206544086,6.8948259430051
17,7.9595,5.82048236355693,4.57948440770678,6.94087756999541
18,7.9595,5.87201808940202,4.63163674997269,6.98692919698573
19,7.9595,5.92355381524712,4.68378909223861,7.03298082397605
20,7.9595,5.97508954109222,4.73594143450452,7.07903245096636
21,7.9595,6.02662526693732,4.78809377677043,7.12508407795668
22,7.9595,6.07816099278242,4.84024611903635,7.17113570494699
23,7.9595,6.12969671862752,4.89239846130226,7.21718733193731
24,7.9595,6.18123244447262,4.94455080356818,7.26323895892762
25,7.9595,6.23276817031772,4.99670314583409,7.30929058591794
26,7.9595,6.28430389616281,5.04885548810001,7.35534221290826
27,7.9595,6.33583962200791,5.10100783036592,7.40139383989857
28,7.9595,6.38737534785301,5.15316017263183,7.44744546688889
29,7.9595,6.43891107369811,5.20531251489775,7.4934970938792
30,7.9595,6.49044679954321,5.25746485716366,7.53954872086952
31,7.9595,6.54198252538831,5.30961719942958,7.58560034785983
0,8.4595,5.29079955114837,3.96488567135565,6.57762263864366
1,8.4595,5.34461337340491,4.01902469132863,6.62555895605111
2,8.4595,5.39842719566145,4.0731637113016,6.67349527345856
3,8.4595,5.45224101791799,4.12730273127458,6.72143159086602
4,8.4595,5.50605484017454,4.18144175124756,6.76936790827347
5,8.4595,5.55986866243108,4.23558077122054,6.81730422568092
6,8.4595,5.61368248468762,4.28971979119352,6.86524054308837
7,8.4595,5.66749630694416,4.34385881116649,6.91317686049582
8,8.4595,5.7213101292007,4.39799783113947,6.96111317790327
9,8.4595,5.77512395145724,4.45213685111245,7.00904949531072
10,8.4595,5.82893777371378,4.50627587108543,7.05698581271818
11,8.4595,5.88275159597032,4.56041489105841,7.10492213012563
12,8.4595,5.93656541822686,4.61455391103138,7.15285844753308
13,8.4595,5.9903792404834,4.66869293100436,7.20079476494053
14,8.4595,6.04419306273994,4.72283195097734,7.24873108234798
15,8.4595,6.09800688499648,4.77697097095032,7.29666739975544
16,8.4595,6.15182070725303,4.8311099909233,7.34460371716289
17,8.4595,6.20563452950957,4.88524901089627,7.39254003457034
18,8.4595,6.25944835176611,4.93938803086925,7.44047635197779
19,8.4595,6.31326217402265,4.99352705084223,7.48841266938524
20,8.4595,6.36707599627919,5.04766607081521,7.53634898679269
21,8.4595,6.42088981853573,5.10180509078818,7.58428530420014
22,8.4595,6.47470364079227,5.15594411076116,7.6322216216076
23,8.4595,6.52851746304881,5.21008313073414,7.68015793901505
24,8.4595,6.58233128530535,5.26422215070712,7.7280942564225
25,8.4595,6.6361451075619,5.3183611706801,7.77603057382995
26,8.4595,6.68995892981844,5.37250019065307,7.8239668912374
27,8.4595,6.74377275207498,5.42663921062605,7.87190320864485
28,8.4595,6.79758657433152,5.48077823059903,7.91983952605231
29,8.4595,6.85140039658806,5.53491725057201,7.96777584345976
30,8.4595,6.9052142188446,5.58905627054498,8.01571216086721
31,8.4595,6.95902804110114,5.64319529051796,8.06364847827466
0,8.9595,5.6372240781065,4.23687675352506,6.99724536612727
1,8.9595,5.69331599677448,4.2930024512051,7.04706637395186
2,8.9595,5.74940791544246,4.34912814888514,7.09688738177645
3,8.9595,5.80549983411044,4.40525384656519,7.14670838960104
4,8.9595,5.86159175277843,4.46137954424523,7.19652939742562
5,8.9595,5.91768367144641,4.51750524192527,7.24635040525021
6,8.9595,5.97377559011439,4.57363093960531,7.2961714130748
7,8.9595,6.02986750878238,4.62975663728535,7.34599242089939
8,8.9595,6.08595942745036,4.68588233496539,7.39581342872397
9,8.9595,6.14205134611834,4.74200803264544,7.44563443654856
10,8.9595,6.19814326478633,4.79813373032548,7.49545544437315
11,8.9595,6.25423518345431,4.85425942800552,7.54527645219774
12,8.9595,6.31032710212229,4.91038512568556,7.59509746002232
13,8.9595,6.36641902079028,4.9665108233656,7.64491846784691
14,8.9595,6.42251093945826,5.02263652104564,7.6947394756715
15,8.9595,6.47860285812624,5.07876221872568,7.74456048349609
16,8.9595,6.53469477679423,5.13488791640573,7.79438149132067
17,8.9595,6.59078669546221,5.19101361408577,7.84420249914526
18,8.9595,6.64687861413019,5.24713931176581,7.89402350696985
19,8.9595,6.70297053279817,5.30326500944585,7.94384451479444
20,8.9595,6.75906245146616,5.35939070712589,7.99366552261902
21,8.9595,6.81515437013414,5.41551640480593,8.04348653044361
22,8.9595,6.87124628880212,5.47164210248598,8.0933075382682
23,8.9595,6.92733820747011,5.52776780016602,8.14312854609279
24,8.9595,6.98343012613809,5.58389349784606,8.19294955391738
25,8.9595,7.03952204480607,5.6400191955261,8.24277056174196
26,8.9595,7.09561396347406,5.69614489320614,8.29259156956655
27,8.9595,7.15170588214204,5.75227059088618,8.34241257739114
28,8.9595,7.20779780081002,5.80839628856622,8.39223358521573
29,8.9595,7.26388971947801,5.86452198624627,8.44205459304031
30,8.9595,7.31998163814599,5.92064768392631,8.4918756008649
31,8.9595,7.37607355681397,5.97677338160635,8.54169660868949
0,9.4595,5.98364860506462,4.50886783569447,7.41686809361088
1,9.4595,6.04201862014404,4.56698021108158,7.46857379185261
2,9.4595,6.10038863522347,4.62509258646868,7.52027949009433
3,9.4595,6.15875865030289,4.68320496185579,7.57198518833605
4,9.4595,6.21712866538232,4.74131733724289,7.62369088657778
5,9.4595,6.27549868046174,4.79942971263,7.6753965848195
6,9.4595,6.33386869554117,4.8575420880171,7.72710228306123
7,9.4595,6.3922387106206,4.91565446340421,7.77880798130295
8,9.4595,6.45060872570002,4.97376683879132,7.83051367954467
9,9.4595,6.50897874077945,5.03187921417842,7.8822193777864
10,9.4595,6.56734875585887,5.08999158956553,7.93392507602812
11,9.4595,6.6257187709383,5.14810396495263,7.98563077426984
12,9.4595,6.68408878601772,5.20621634033974,8.03733647251157
13,9.4595,6.74245880109715,5.26432871572684,8.08904217075329
14,9.4595,6.80082881617657,5.32244109111395,8.14074786899502
15,9.4595,6.859198831256,5.38055346650105,8.19245356723674
16,9.4595,6.91756884633542,5.43866584188816,8.24415926547846
17,9.4595,6.97593886141485,5.49677821727526,8.29586496372019
18,9.4595,7.03430887649427,5.55489059266237,8.34757066196191
19,9.4595,7.0926788915737,5.61300296804947,8.39927636020363
20,9.4595,7.15104890665312,5.67111534343658,8.45098205844536
21,9.4595,7.20941892173255,5.72922771882368,8.50268775668708
22,9.4595,7.26778893681198,5.78734009421079,8.5543934549288
23,9.4595,7.3261589518914,5.8454524695979,8.60609915317053
24,9.4595,7.38452896697083,5.903564844985,8.65780485141225
25,9.4595,7.44289898205025,5.9616772203721,8.70951054965398
26,9.4595,7.50126899712968,6.01978959575921,8.7612162478957
27,9.4595,7.5596390122091,6.07790197114632,8.81292194613742
28,9.4595,7.61800902728853,6.13601434653342,8.86462764437915
29,9.4595,7.67637904236795,6.19412672192053,8.91633334262087
30,9.4595,7.73474905744738,6.25223909730763,8.96803904086259
31,9.4595,7.7931190725268,6.31035147269474,9.01974473910432
0,9.9595,6.33007313202274,4.78085891786389,7.8364908210945
1,9.9595,6.39072124351361,4.84095797095806,7.89008120975335
2,9.9595,6.45136935500448,4.90105702405222,7.94367159841222
3,9.9595,6.51201746649534,4.96115607714639,7.99726198707107
4,9.9595,6.57266557798621,5.02125513024056,8.05085237572993
5,9.9595,6.63331368947708,5.08135418333473,8.10444276438879
6,9.9595,6.69396180096795,5.1414532364289,8.15803315304765
7,9.9595,6.75460991245881,5.20155228952307,8.21162354170651
8,9.9595,6.81525802394968,5.26165134261724,8.26521393036537
9,9.9595,6.87590613544055,5.32175039571141,8.31880431902423
10,9.9595,6.93655424693142,5.38184944880557,8.37239470768309
11,9.9595,6.99720235842229,5.44194850189974,8.42598509634195
12,9.9595,7.05785046991315,5.50204755499391,8.47957548500081
13,9.9595,7.11849858140402,5.56214660808808,8.53316587365967
14,9.9595,7.17914669289489,5.62224566118225,8.58675626231853
15,9.9595,7.23979480438575,5.68234471427642,8.64034665097739
16,9.9595,7.30044291587662,5.74244376737059,8.69393703963625
17,9.9595,7.36109102736749,5.80254282046476,8.74752742829511
18,9.9595,7.42173913885836,5.86264187355893,8.80111781695397
19,9.9595,7.48238725034922,5.9227409266531,8.85470820561283
20,9.9595,7.54303536184009,5.98283997974726,8.90829859427169
21,9.9595,7.60368347333096,6.04293903284143,8.96188898293055
22,9.9595,7.66433158482183,6.1030380859356,9.01547937158941
23,9.9595,7.72497969631269,6.16313713902977,9.06906976024827
24,9.9595,7.78562780780356,6.22323619212394,9.12266014890713
25,9.9595,7.84627591929443,6.28333524521811,9.17625053756599
26,9.9595,7.9069240307853,6.34343429831228,9.22984092622485
27,9.9595,7.96757214227616,6.40353335140645,9.28343131488371
28,9.9595,8.02822025376703,6.46363240450062,9.33702170354257
29,9.9595,8.0888683652579,6.52373145759478,9.39061209220143
30,9.9595,8.14951647674877,6.58383051068895,9.44420248086029
31,9.9595,8.21016458823963,6.64392956378312,9.49779286951914
0,10.4595,6.67649765898087,5.0528500000333,8.25611354857811
1,10.4595,6.73942386688318,5.11493573083453,8.3115886276541
2,10.4595,6.80235007478549,5.17702146163576,8.3670637067301
3,10.4595,6.8652762826878,5.239107192437,8.42253878580609
4,10.4595,6.9282024905901,5.30119292323823,8.47801386488209
5,10.4595,6.99112869849241,5.36327865403946,8.53348894395809
6,10.4595,7.05405490639472,5.42536438484069,8.58896402303408
7,10.4595,7.11698111429703,5.48745011564193,8.64443910211008
8,10.4595,7.17990732219934,5.54953584644316,8.69991418118607
9,10.4595,7.24283353010165,5.61162157724439,8.75538926026207
10,10.4595,7.30575973800396,5.67370730804562,8.81086433933806
11,10.4595,7.36868594590627,5.73579303884686,8.86633941841406
12,10.4595,7.43161215380858,5.79787876964809,8.92181449749006
13,10.4595,7.49453836171089,5.85996450044932,8.97728957656605
14,10.4595,7.5574645696132,5.92205023125056,9.03276465564205
15,10.4595,7.62039077751551,5.98413596205179,9.08823973471804
16,10.4595,7.68331698541782,6.04622169285302,9.14371481379404
17,10.4595,7.74624319332013,6.10830742365425,9.19918989287003
18,10.4595,7.80916940122244,6.17039315445549,9.25466497194603
19,10.4595,7.87209560912475,6.23247888525672,9.31014005102202
20,10.4595,7.93502181702706,6.29456461605795,9.36561513009802
21,10.4595,7.99794802492937,6.35665034685918,9.42109020917402
22,10.4595,8.06087423283168,6.41873607766042,9.47656528825001
23,10.4595,8.12380044073399,6.48082180846165,9.53204036732601
24,10.4595,8.1867266486363,6.54290753926288,9.587515446402
25,10.4595,8.24965285653861,6.60499327006411,9.642990525478
26,10.4595,8.31257906444092,6.66707900086535,9.69846560455399
27,10.4595,8.37550527234323,6.72916473166658,9.75394068362999
28,10.4595,8.43843148024554,6.79125046246781,9.80941576270599
29,10.4595,8.50135768814784,6.85333619326904,9.86489084178198
30,10.4595,8.56428389605015,6.91542192407028,9.92036592085798
31,10.4595,8.62721010395246,6.97750765487151,9.97584099993397
0,10.9595,7.02292218593899,5.32484108220271,8.67573627606172
1,10.9595,7.08812649025274,5.38891349071101,8.73309604555485
2,10.9595,7.15333079456649,5.4529858992193,8.79045581504798
3,10.9595,7.21853509888025,5.5170583077276,8.84781558454111
4,10.9595,7.283739403194,5.5811307162359,8.90517535403425
5,10.9595,7.34894370750775,5.64520312474419,8.96253512352738
6,10.9595,7.4141480118215,5.70927553325249,9.01989489302051
7,10.9595,7.47935231613525,5.77334794176079,9.07725466251364
8,10.9595,7.544556620449,5.83742035026908,9.13461443200677
9,10.9595,7.60976092476276,5.90149275877738,9.1919742014999
10,10.9595,7.67496522907651,5.96556516728567,9.24933397099304
11,10.9595,7.74016953339026,6.02963757579397,9.30669374048617
12,10.9595,7.80537383770401,6.09370998430227,9.3640535099793
13,10.9595,7.87057814201776,6.15778239281056,9.42141327947243
14,10.9595,7.93578244633152,6.22185480131886,9.47877304896556
15,10.9595,8.00098675064527,6.28592720982715,9.53613281845869
16,10.9595,8.06619105495902,6.34999961833545,9.59349258795183
17,10.9595,8.13139535927277,6.41407202684375,9.65085235744496
18,10.9595,8.19659966358652,6.47814443535204,9.70821212693809
19,10.9595,8.26180396790027,6.54221684386034,9.76557189643122
20,10.9595,8.32700827221403,6.60628925236864,9.82293166592435
21,10.9595,8.39221257652778,6.67036166087693,9.88029143541748
22,10.9595,8.45741688084153,6.73443406938523,9.93765120491062
23,10.9595,8.52262118515528,6.79850647789353,9.99501097440375
24,10.9595,8.58782548946903,6.86257888640182,10.0523707438969
25,10.9595,8.65302979378279,6.92665129491012,10.10973051339
26,10.9595,8.71823409809654,6.99072370341841,10.1670902828831
27,10.9595,8.78343840241029,7.05479611192671,10.2244500523763
28,10.9595,8.84864270672404,7.11886852043501,10.2818098218694
29,10.9595,8.91384701103779,7.1829409289433,10.3391695913625
30,10.9595,8.97905131535154,7.2470133374516,10.3965293608557
31,10.9595,9.0442556196653,7.3110857459599,10.4538891303488
0,11.4595,7.36934671289711,5.59683216437212,9.09535900354533
1,11.4595,7.43682911362231,5.66289125058748,9.1546034634556
2,11.4595,7.5043115143475,5.72895033680284,9.21384792336587
3,11.4595,7.5717939150727,5.7950094230182,9.27309238327613
4,11.4595,7.63927631579789,5.86106850923356,9.3323368431864
5,11.4595,7.70675871652308,5.92712759544892,9.39158130309667
6,11.4595,7.77424111724828,5.99318668166428,9.45082576300694
7,11.4595,7.84172351797347,6.05924576787964,9.5100702229172
8,11.4595,7.90920591869866,6.125304854095,9.56931468282747
9,11.4595,7.97668831942386,6.19136394031036,9.62855914273774
10,11.4595,8.04417072014905,6.25742302652572,9.68780360264801
11,11.4595,8.11165312087425,6.32348211274108,9.74704806255827
12,11.4595,8.17913552159944,6.38954119895644,9.80629252246854
13,11.4595,8.24661792232463,6.4556002851718,9.86553698237881
14,11.4595,8.31410032304983,6.52165937138716,9.92478144228908
15,11.4595,8.38158272377502,6.58771845760252,9.98402590219934
16,11.4595,8.44906512450022,6.65377754381788,10.0432703621096
17,11.4595,8.51654752522541,6.71983663003324,10.1025148220199
18,11.4595,8.5840299259506,6.7858957162486,10.1617592819301
19,11.4595,8.6515123266758,6.85195480246396,10.2210037418404
20,11.4595,8.71899472740099,6.91801388867932,10.2802482017507
21,11.4595,8.78647712812619,6.98407297489468,10.339492661661
22,11.4595,8.85395952885138,7.05013206111004,10.3987371215712
23,11.4595,8.92144192957658,7.1161911473254,10.4579815814815
24,11.4595,8.98892433030177,7.18225023354076,10.5172260413918
25,11.4595,9.05640673102696,7.24830931975612,10.576470501302
26,11.4595,9.12388913175216,7.31436840597148,10.6357149612123
27,11.4595,9.19137153247735,7.38042749218684,10.6949594211226
28,11.4595,9.25885393320254,7.4464865784022,10.7542038810328
29,11.4595,9.32633633392774,7.51254566461756,10.8134483409431
30,11.4595,9.39381873465293,7.57860475083292,10.8726928008534
31,11.4595,9.46130113537813,7.64466383704828,10.9319372607636
