"","Phoxinus phoxinus","Hemibarbus maculatus","Abbottina rivularis","Gobiocypris rarus","Pseudorasbora parva","Sarcocheilichthys parvus","Rhodeus ocellatus","Hemiculter leucisculus","Megalobrama pellegrini","Parabramis pekinensis","Sinibrama taeniatus","Hypophthalmichthys molitrix","Hypophthalmichthys nobilis","Mylopharyngodon piceus","Ctenopharyngodon idella","Opsariichthys bidens","Zacco platypus","Acrossocheilus monticola","Onychostoma simum","Schizothorax wangchiachii","Percocypris pingi","Spinibarbus sinensis","Enteromius neumayeri","Cyprinus carpio","Rhodeus sinensis","Carassius auratus","Procypris rabaudi","Discogobio yunnanensis","Misgurnus anguillicaudatus","Triplophysa rosa","Metahomaloptera omeiensis","Myxocyprinus asiaticus","Silurus meridionalis","Tachysurus dumerili","Hemibagrus macropterus","Pseudobagrus vachellii","Piaractus mesopotamicus","Oncorhynchus nerka","Oncorhynchus mykiss","Oncorhynchus tshawytscha","Oncorhynchus kisutch","Salvelinus alpinus","Salmo trutta","Pomacentrus amboinensis","Acanthochromis polyacanthus","Oreochromis niloticus","Poecilia reticulata","Gambusia holbrooki","Fundulus grandis","Paralichthys olivaceus","Lates niloticus","Lates calcarifer","Coryphaena hippurus","Channa argus","Dicentrarchus labrax","Caesio cuning","Sciaenops ocellatus","Tautogolabrus adspersus","Halichoeres melanurus","Halichoeres miniatus","Thalassoma amblycephalum","Gasterosteus aculeatus","Perca fluviatilis","Centropristis striata","Siniperca chuatsi","Girella nigricans","Neogobius melanostomus","Rhinogobius giurinus","Boreogadus saida","Hemiscyllium ocellatum","Somniosus microcephalus"
"Phoxinus phoxinus",1,0.928571428571429,0.928571428571429,0.928571428571429,0.928571428571429,0.928571428571429,0.914285714285714,0.771428571428571,0.771428571428571,0.771428571428571,0.771428571428571,0.771428571428571,0.771428571428571,0.771428571428571,0.771428571428571,0.771428571428571,0.771428571428571,0.742857142857143,0.742857142857143,0.614285714285714,0.614285714285714,0.614285714285714,0.614285714285714,0.614285714285714,0.614285714285714,0.614285714285714,0.614285714285714,0.614285714285714,0.557142857142857,0.557142857142857,0.557142857142857,0.557142857142857,0.485714285714286,0.485714285714286,0.485714285714286,0.485714285714286,0.485714285714286,0.0285714285714286,0.0285714285714286,0.0285714285714286,0.0285714285714286,0.0285714285714286,0.0285714285714286,0.0285714285714286,0.0285714285714286,0.0285714285714286,0.0285714285714286,0.0285714285714286,0.0285714285714286,0.0285714285714286,0.0285714285714286,0.0285714285714286,0.0285714285714286,0.0285714285714286,0.0285714285714286,0.0285714285714286,0.0285714285714286,0.0285714285714286,0.0285714285714286,0.0285714285714286,0.0285714285714286,0.0285714285714286,0.0285714285714286,0.0285714285714286,0.0285714285714286,0.0285714285714286,0.0285714285714286,0.0285714285714286,0.0285714285714286,0,0
"Hemibarbus maculatus",0.928571428571429,1,0.942857142857143,0.942857142857143,0.942857142857143,0.942857142857143,0.914285714285714,0.771428571428571,0.771428571428571,0.771428571428571,0.771428571428571,0.771428571428571,0.771428571428571,0.771428571428571,0.771428571428571,0.771428571428571,0.771428571428571,0.742857142857143,0.742857142857143,0.614285714285714,0.614285714285714,0.614285714285714,0.614285714285714,0.614285714285714,0.614285714285714,0.614285714285714,0.614285714285714,0.614285714285714,0.557142857142857,0.557142857142857,0.557142857142857,0.557142857142857,0.485714285714286,0.485714285714286,0.485714285714286,0.485714285714286,0.485714285714286,0.0285714285714286,0.0285714285714286,0.0285714285714286,0.0285714285714286,0.0285714285714286,0.0285714285714286,0.0285714285714286,0.0285714285714286,0.0285714285714286,0.0285714285714286,0.0285714285714286,0.0285714285714286,0.0285714285714286,0.0285714285714286,0.0285714285714286,0.0285714285714286,0.0285714285714286,0.0285714285714286,0.0285714285714286,0.0285714285714286,0.0285714285714286,0.0285714285714286,0.0285714285714286,0.0285714285714286,0.0285714285714286,0.0285714285714286,0.0285714285714286,0.0285714285714286,0.0285714285714286,0.0285714285714286,0.0285714285714286,0.0285714285714286,0,0
"Abbottina rivularis",0.928571428571429,0.942857142857143,1,0.971428571428571,0.971428571428571,0.957142857142857,0.914285714285714,0.771428571428571,0.771428571428571,0.771428571428571,0.771428571428571,0.771428571428571,0.771428571428571,0.771428571428571,0.771428571428571,0.771428571428571,0.771428571428571,0.742857142857143,0.742857142857143,0.614285714285714,0.614285714285714,0.614285714285714,0.614285714285714,0.614285714285714,0.614285714285714,0.614285714285714,0.614285714285714,0.614285714285714,0.557142857142857,0.557142857142857,0.557142857142857,0.557142857142857,0.485714285714286,0.485714285714286,0.485714285714286,0.485714285714286,0.485714285714286,0.0285714285714286,0.0285714285714286,0.0285714285714286,0.0285714285714286,0.0285714285714286,0.0285714285714286,0.0285714285714286,0.0285714285714286,0.0285714285714286,0.0285714285714286,0.0285714285714286,0.0285714285714286,0.0285714285714286,0.0285714285714286,0.0285714285714286,0.0285714285714286,0.0285714285714286,0.0285714285714286,0.0285714285714286,0.0285714285714286,0.0285714285714286,0.0285714285714286,0.0285714285714286,0.0285714285714286,0.0285714285714286,0.0285714285714286,0.0285714285714286,0.0285714285714286,0.0285714285714286,0.0285714285714286,0.0285714285714286,0.0285714285714286,0,0
"Gobiocypris rarus",0.928571428571429,0.942857142857143,0.971428571428571,1,0.985714285714286,0.957142857142857,0.914285714285714,0.771428571428571,0.771428571428571,0.771428571428571,0.771428571428571,0.771428571428571,0.771428571428571,0.771428571428571,0.771428571428571,0.771428571428571,0.771428571428571,0.742857142857143,0.742857142857143,0.614285714285714,0.614285714285714,0.614285714285714,0.614285714285714,0.614285714285714,0.614285714285714,0.614285714285714,0.614285714285714,0.614285714285714,0.557142857142857,0.557142857142857,0.557142857142857,0.557142857142857,0.485714285714286,0.485714285714286,0.485714285714286,0.485714285714286,0.485714285714286,0.0285714285714286,0.0285714285714286,0.0285714285714286,0.0285714285714286,0.0285714285714286,0.0285714285714286,0.0285714285714286,0.0285714285714286,0.0285714285714286,0.0285714285714286,0.0285714285714286,0.0285714285714286,0.0285714285714286,0.0285714285714286,0.0285714285714286,0.0285714285714286,0.0285714285714286,0.0285714285714286,0.0285714285714286,0.0285714285714286,0.0285714285714286,0.0285714285714286,0.0285714285714286,0.0285714285714286,0.0285714285714286,0.0285714285714286,0.0285714285714286,0.0285714285714286,0.0285714285714286,0.0285714285714286,0.0285714285714286,0.0285714285714286,0,0
"Pseudorasbora parva",0.928571428571429,0.942857142857143,0.971428571428571,0.985714285714286,1,0.957142857142857,0.914285714285714,0.771428571428571,0.771428571428571,0.771428571428571,0.771428571428571,0.771428571428571,0.771428571428571,0.771428571428571,0.771428571428571,0.771428571428571,0.771428571428571,0.742857142857143,0.742857142857143,0.614285714285714,0.614285714285714,0.614285714285714,0.614285714285714,0.614285714285714,0.614285714285714,0.614285714285714,0.614285714285714,0.614285714285714,0.557142857142857,0.557142857142857,0.557142857142857,0.557142857142857,0.485714285714286,0.485714285714286,0.485714285714286,0.485714285714286,0.485714285714286,0.0285714285714286,0.0285714285714286,0.0285714285714286,0.0285714285714286,0.0285714285714286,0.0285714285714286,0.0285714285714286,0.0285714285714286,0.0285714285714286,0.0285714285714286,0.0285714285714286,0.0285714285714286,0.0285714285714286,0.0285714285714286,0.0285714285714286,0.0285714285714286,0.0285714285714286,0.0285714285714286,0.0285714285714286,0.0285714285714286,0.0285714285714286,0.0285714285714286,0.0285714285714286,0.0285714285714286,0.0285714285714286,0.0285714285714286,0.0285714285714286,0.0285714285714286,0.0285714285714286,0.0285714285714286,0.0285714285714286,0.0285714285714286,0,0
"Sarcocheilichthys parvus",0.928571428571429,0.942857142857143,0.957142857142857,0.957142857142857,0.957142857142857,1,0.914285714285714,0.771428571428571,0.771428571428571,0.771428571428571,0.771428571428571,0.771428571428571,0.771428571428571,0.771428571428571,0.771428571428571,0.771428571428571,0.771428571428571,0.742857142857143,0.742857142857143,0.614285714285714,0.614285714285714,0.614285714285714,0.614285714285714,0.614285714285714,0.614285714285714,0.614285714285714,0.614285714285714,0.614285714285714,0.557142857142857,0.557142857142857,0.557142857142857,0.557142857142857,0.485714285714286,0.485714285714286,0.485714285714286,0.485714285714286,0.485714285714286,0.0285714285714286,0.0285714285714286,0.0285714285714286,0.0285714285714286,0.0285714285714286,0.0285714285714286,0.0285714285714286,0.0285714285714286,0.0285714285714286,0.0285714285714286,0.0285714285714286,0.0285714285714286,0.0285714285714286,0.0285714285714286,0.0285714285714286,0.0285714285714286,0.0285714285714286,0.0285714285714286,0.0285714285714286,0.0285714285714286,0.0285714285714286,0.0285714285714286,0.0285714285714286,0.0285714285714286,0.0285714285714286,0.0285714285714286,0.0285714285714286,0.0285714285714286,0.0285714285714286,0.0285714285714286,0.0285714285714286,0.0285714285714286,0,0
"Rhodeus ocellatus",0.914285714285714,0.914285714285714,0.914285714285714,0.914285714285714,0.914285714285714,0.914285714285714,1,0.771428571428571,0.771428571428571,0.771428571428571,0.771428571428571,0.771428571428571,0.771428571428571,0.771428571428571,0.771428571428571,0.771428571428571,0.771428571428571,0.742857142857143,0.742857142857143,0.614285714285714,0.614285714285714,0.614285714285714,0.614285714285714,0.614285714285714,0.614285714285714,0.614285714285714,0.614285714285714,0.614285714285714,0.557142857142857,0.557142857142857,0.557142857142857,0.557142857142857,0.485714285714286,0.485714285714286,0.485714285714286,0.485714285714286,0.485714285714286,0.0285714285714286,0.0285714285714286,0.0285714285714286,0.0285714285714286,0.0285714285714286,0.0285714285714286,0.0285714285714286,0.0285714285714286,0.0285714285714286,0.0285714285714286,0.0285714285714286,0.0285714285714286,0.0285714285714286,0.0285714285714286,0.0285714285714286,0.0285714285714286,0.0285714285714286,0.0285714285714286,0.0285714285714286,0.0285714285714286,0.0285714285714286,0.0285714285714286,0.0285714285714286,0.0285714285714286,0.0285714285714286,0.0285714285714286,0.0285714285714286,0.0285714285714286,0.0285714285714286,0.0285714285714286,0.0285714285714286,0.0285714285714286,0,0
"Hemiculter leucisculus",0.771428571428571,0.771428571428571,0.771428571428571,0.771428571428571,0.771428571428571,0.771428571428571,0.771428571428571,1,0.957142857142857,0.957142857142857,0.957142857142857,0.928571428571429,0.928571428571429,0.914285714285714,0.9,0.871428571428571,0.871428571428571,0.742857142857143,0.742857142857143,0.614285714285714,0.614285714285714,0.614285714285714,0.614285714285714,0.614285714285714,0.614285714285714,0.614285714285714,0.614285714285714,0.614285714285714,0.557142857142857,0.557142857142857,0.557142857142857,0.557142857142857,0.485714285714286,0.485714285714286,0.485714285714286,0.485714285714286,0.485714285714286,0.0285714285714286,0.0285714285714286,0.0285714285714286,0.0285714285714286,0.0285714285714286,0.0285714285714286,0.0285714285714286,0.0285714285714286,0.0285714285714286,0.0285714285714286,0.0285714285714286,0.0285714285714286,0.0285714285714286,0.0285714285714286,0.0285714285714286,0.0285714285714286,0.0285714285714286,0.0285714285714286,0.0285714285714286,0.0285714285714286,0.0285714285714286,0.0285714285714286,0.0285714285714286,0.0285714285714286,0.0285714285714286,0.0285714285714286,0.0285714285714286,0.0285714285714286,0.0285714285714286,0.0285714285714286,0.0285714285714286,0.0285714285714286,0,0
"Megalobrama pellegrini",0.771428571428571,0.771428571428571,0.771428571428571,0.771428571428571,0.771428571428571,0.771428571428571,0.771428571428571,0.957142857142857,1,0.985714285714286,0.971428571428571,0.928571428571429,0.928571428571429,0.914285714285714,0.9,0.871428571428571,0.871428571428571,0.742857142857143,0.742857142857143,0.614285714285714,0.614285714285714,0.614285714285714,0.614285714285714,0.614285714285714,0.614285714285714,0.614285714285714,0.614285714285714,0.614285714285714,0.557142857142857,0.557142857142857,0.557142857142857,0.557142857142857,0.485714285714286,0.485714285714286,0.485714285714286,0.485714285714286,0.485714285714286,0.0285714285714286,0.0285714285714286,0.0285714285714286,0.0285714285714286,0.0285714285714286,0.0285714285714286,0.0285714285714286,0.0285714285714286,0.0285714285714286,0.0285714285714286,0.0285714285714286,0.0285714285714286,0.0285714285714286,0.0285714285714286,0.0285714285714286,0.0285714285714286,0.0285714285714286,0.0285714285714286,0.0285714285714286,0.0285714285714286,0.0285714285714286,0.0285714285714286,0.0285714285714286,0.0285714285714286,0.0285714285714286,0.0285714285714286,0.0285714285714286,0.0285714285714286,0.0285714285714286,0.0285714285714286,0.0285714285714286,0.0285714285714286,0,0
"Parabramis pekinensis",0.771428571428571,0.771428571428571,0.771428571428571,0.771428571428571,0.771428571428571,0.771428571428571,0.771428571428571,0.957142857142857,0.985714285714286,1,0.971428571428571,0.928571428571429,0.928571428571429,0.914285714285714,0.9,0.871428571428571,0.871428571428571,0.742857142857143,0.742857142857143,0.614285714285714,0.614285714285714,0.614285714285714,0.614285714285714,0.614285714285714,0.614285714285714,0.614285714285714,0.614285714285714,0.614285714285714,0.557142857142857,0.557142857142857,0.557142857142857,0.557142857142857,0.485714285714286,0.485714285714286,0.485714285714286,0.485714285714286,0.485714285714286,0.0285714285714286,0.0285714285714286,0.0285714285714286,0.0285714285714286,0.0285714285714286,0.0285714285714286,0.0285714285714286,0.0285714285714286,0.0285714285714286,0.0285714285714286,0.0285714285714286,0.0285714285714286,0.0285714285714286,0.0285714285714286,0.0285714285714286,0.0285714285714286,0.0285714285714286,0.0285714285714286,0.0285714285714286,0.0285714285714286,0.0285714285714286,0.0285714285714286,0.0285714285714286,0.0285714285714286,0.0285714285714286,0.0285714285714286,0.0285714285714286,0.0285714285714286,0.0285714285714286,0.0285714285714286,0.0285714285714286,0.0285714285714286,0,0
"Sinibrama taeniatus",0.771428571428571,0.771428571428571,0.771428571428571,0.771428571428571,0.771428571428571,0.771428571428571,0.771428571428571,0.957142857142857,0.971428571428571,0.971428571428571,1,0.928571428571429,0.928571428571429,0.914285714285714,0.9,0.871428571428571,0.871428571428571,0.742857142857143,0.742857142857143,0.614285714285714,0.614285714285714,0.614285714285714,0.614285714285714,0.614285714285714,0.614285714285714,0.614285714285714,0.614285714285714,0.614285714285714,0.557142857142857,0.557142857142857,0.557142857142857,0.557142857142857,0.485714285714286,0.485714285714286,0.485714285714286,0.485714285714286,0.485714285714286,0.0285714285714286,0.0285714285714286,0.0285714285714286,0.0285714285714286,0.0285714285714286,0.0285714285714286,0.0285714285714286,0.0285714285714286,0.0285714285714286,0.0285714285714286,0.0285714285714286,0.0285714285714286,0.0285714285714286,0.0285714285714286,0.0285714285714286,0.0285714285714286,0.0285714285714286,0.0285714285714286,0.0285714285714286,0.0285714285714286,0.0285714285714286,0.0285714285714286,0.0285714285714286,0.0285714285714286,0.0285714285714286,0.0285714285714286,0.0285714285714286,0.0285714285714286,0.0285714285714286,0.0285714285714286,0.0285714285714286,0.0285714285714286,0,0
"Hypophthalmichthys molitrix",0.771428571428571,0.771428571428571,0.771428571428571,0.771428571428571,0.771428571428571,0.771428571428571,0.771428571428571,0.928571428571429,0.928571428571429,0.928571428571429,0.928571428571429,1,0.985714285714286,0.914285714285714,0.9,0.871428571428571,0.871428571428571,0.742857142857143,0.742857142857143,0.614285714285714,0.614285714285714,0.614285714285714,0.614285714285714,0.614285714285714,0.614285714285714,0.614285714285714,0.614285714285714,0.614285714285714,0.557142857142857,0.557142857142857,0.557142857142857,0.557142857142857,0.485714285714286,0.485714285714286,0.485714285714286,0.485714285714286,0.485714285714286,0.0285714285714286,0.0285714285714286,0.0285714285714286,0.0285714285714286,0.0285714285714286,0.0285714285714286,0.0285714285714286,0.0285714285714286,0.0285714285714286,0.0285714285714286,0.0285714285714286,0.0285714285714286,0.0285714285714286,0.0285714285714286,0.0285714285714286,0.0285714285714286,0.0285714285714286,0.0285714285714286,0.0285714285714286,0.0285714285714286,0.0285714285714286,0.0285714285714286,0.0285714285714286,0.0285714285714286,0.0285714285714286,0.0285714285714286,0.0285714285714286,0.0285714285714286,0.0285714285714286,0.0285714285714286,0.0285714285714286,0.0285714285714286,0,0
"Hypophthalmichthys nobilis",0.771428571428571,0.771428571428571,0.771428571428571,0.771428571428571,0.771428571428571,0.771428571428571,0.771428571428571,0.928571428571429,0.928571428571429,0.928571428571429,0.928571428571429,0.985714285714286,1,0.914285714285714,0.9,0.871428571428571,0.871428571428571,0.742857142857143,0.742857142857143,0.614285714285714,0.614285714285714,0.614285714285714,0.614285714285714,0.614285714285714,0.614285714285714,0.614285714285714,0.614285714285714,0.614285714285714,0.557142857142857,0.557142857142857,0.557142857142857,0.557142857142857,0.485714285714286,0.485714285714286,0.485714285714286,0.485714285714286,0.485714285714286,0.0285714285714286,0.0285714285714286,0.0285714285714286,0.0285714285714286,0.0285714285714286,0.0285714285714286,0.0285714285714286,0.0285714285714286,0.0285714285714286,0.0285714285714286,0.0285714285714286,0.0285714285714286,0.0285714285714286,0.0285714285714286,0.0285714285714286,0.0285714285714286,0.0285714285714286,0.0285714285714286,0.0285714285714286,0.0285714285714286,0.0285714285714286,0.0285714285714286,0.0285714285714286,0.0285714285714286,0.0285714285714286,0.0285714285714286,0.0285714285714286,0.0285714285714286,0.0285714285714286,0.0285714285714286,0.0285714285714286,0.0285714285714286,0,0
"Mylopharyngodon piceus",0.771428571428571,0.771428571428571,0.771428571428571,0.771428571428571,0.771428571428571,0.771428571428571,0.771428571428571,0.914285714285714,0.914285714285714,0.914285714285714,0.914285714285714,0.914285714285714,0.914285714285714,1,0.9,0.871428571428571,0.871428571428571,0.742857142857143,0.742857142857143,0.614285714285714,0.614285714285714,0.614285714285714,0.614285714285714,0.614285714285714,0.614285714285714,0.614285714285714,0.614285714285714,0.614285714285714,0.557142857142857,0.557142857142857,0.557142857142857,0.557142857142857,0.485714285714286,0.485714285714286,0.485714285714286,0.485714285714286,0.485714285714286,0.0285714285714286,0.0285714285714286,0.0285714285714286,0.0285714285714286,0.0285714285714286,0.0285714285714286,0.0285714285714286,0.0285714285714286,0.0285714285714286,0.0285714285714286,0.0285714285714286,0.0285714285714286,0.0285714285714286,0.0285714285714286,0.0285714285714286,0.0285714285714286,0.0285714285714286,0.0285714285714286,0.0285714285714286,0.0285714285714286,0.0285714285714286,0.0285714285714286,0.0285714285714286,0.0285714285714286,0.0285714285714286,0.0285714285714286,0.0285714285714286,0.0285714285714286,0.0285714285714286,0.0285714285714286,0.0285714285714286,0.0285714285714286,0,0
"Ctenopharyngodon idella",0.771428571428571,0.771428571428571,0.771428571428571,0.771428571428571,0.771428571428571,0.771428571428571,0.771428571428571,0.9,0.9,0.9,0.9,0.9,0.9,0.9,1,0.871428571428571,0.871428571428571,0.742857142857143,0.742857142857143,0.614285714285714,0.614285714285714,0.614285714285714,0.614285714285714,0.614285714285714,0.614285714285714,0.614285714285714,0.614285714285714,0.614285714285714,0.557142857142857,0.557142857142857,0.557142857142857,0.557142857142857,0.485714285714286,0.485714285714286,0.485714285714286,0.485714285714286,0.485714285714286,0.0285714285714286,0.0285714285714286,0.0285714285714286,0.0285714285714286,0.0285714285714286,0.0285714285714286,0.0285714285714286,0.0285714285714286,0.0285714285714286,0.0285714285714286,0.0285714285714286,0.0285714285714286,0.0285714285714286,0.0285714285714286,0.0285714285714286,0.0285714285714286,0.0285714285714286,0.0285714285714286,0.0285714285714286,0.0285714285714286,0.0285714285714286,0.0285714285714286,0.0285714285714286,0.0285714285714286,0.0285714285714286,0.0285714285714286,0.0285714285714286,0.0285714285714286,0.0285714285714286,0.0285714285714286,0.0285714285714286,0.0285714285714286,0,0
"Opsariichthys bidens",0.771428571428571,0.771428571428571,0.771428571428571,0.771428571428571,0.771428571428571,0.771428571428571,0.771428571428571,0.871428571428571,0.871428571428571,0.871428571428571,0.871428571428571,0.871428571428571,0.871428571428571,0.871428571428571,0.871428571428571,1,0.985714285714286,0.742857142857143,0.742857142857143,0.614285714285714,0.614285714285714,0.614285714285714,0.614285714285714,0.614285714285714,0.614285714285714,0.614285714285714,0.614285714285714,0.614285714285714,0.557142857142857,0.557142857142857,0.557142857142857,0.557142857142857,0.485714285714286,0.485714285714286,0.485714285714286,0.485714285714286,0.485714285714286,0.0285714285714286,0.0285714285714286,0.0285714285714286,0.0285714285714286,0.0285714285714286,0.0285714285714286,0.0285714285714286,0.0285714285714286,0.0285714285714286,0.0285714285714286,0.0285714285714286,0.0285714285714286,0.0285714285714286,0.0285714285714286,0.0285714285714286,0.0285714285714286,0.0285714285714286,0.0285714285714286,0.0285714285714286,0.0285714285714286,0.0285714285714286,0.0285714285714286,0.0285714285714286,0.0285714285714286,0.0285714285714286,0.0285714285714286,0.0285714285714286,0.0285714285714286,0.0285714285714286,0.0285714285714286,0.0285714285714286,0.0285714285714286,0,0
"Zacco platypus",0.771428571428571,0.771428571428571,0.771428571428571,0.771428571428571,0.771428571428571,0.771428571428571,0.771428571428571,0.871428571428571,0.871428571428571,0.871428571428571,0.871428571428571,0.871428571428571,0.871428571428571,0.871428571428571,0.871428571428571,0.985714285714286,1,0.742857142857143,0.742857142857143,0.614285714285714,0.614285714285714,0.614285714285714,0.614285714285714,0.614285714285714,0.614285714285714,0.614285714285714,0.614285714285714,0.614285714285714,0.557142857142857,0.557142857142857,0.557142857142857,0.557142857142857,0.485714285714286,0.485714285714286,0.485714285714286,0.485714285714286,0.485714285714286,0.0285714285714286,0.0285714285714286,0.0285714285714286,0.0285714285714286,0.0285714285714286,0.0285714285714286,0.0285714285714286,0.0285714285714286,0.0285714285714286,0.0285714285714286,0.0285714285714286,0.0285714285714286,0.0285714285714286,0.0285714285714286,0.0285714285714286,0.0285714285714286,0.0285714285714286,0.0285714285714286,0.0285714285714286,0.0285714285714286,0.0285714285714286,0.0285714285714286,0.0285714285714286,0.0285714285714286,0.0285714285714286,0.0285714285714286,0.0285714285714286,0.0285714285714286,0.0285714285714286,0.0285714285714286,0.0285714285714286,0.0285714285714286,0,0
"Acrossocheilus monticola",0.742857142857143,0.742857142857143,0.742857142857143,0.742857142857143,0.742857142857143,0.742857142857143,0.742857142857143,0.742857142857143,0.742857142857143,0.742857142857143,0.742857142857143,0.742857142857143,0.742857142857143,0.742857142857143,0.742857142857143,0.742857142857143,0.742857142857143,1,0.985714285714286,0.614285714285714,0.614285714285714,0.614285714285714,0.614285714285714,0.614285714285714,0.614285714285714,0.614285714285714,0.614285714285714,0.614285714285714,0.557142857142857,0.557142857142857,0.557142857142857,0.557142857142857,0.485714285714286,0.485714285714286,0.485714285714286,0.485714285714286,0.485714285714286,0.0285714285714286,0.0285714285714286,0.0285714285714286,0.0285714285714286,0.0285714285714286,0.0285714285714286,0.0285714285714286,0.0285714285714286,0.0285714285714286,0.0285714285714286,0.0285714285714286,0.0285714285714286,0.0285714285714286,0.0285714285714286,0.0285714285714286,0.0285714285714286,0.0285714285714286,0.0285714285714286,0.0285714285714286,0.0285714285714286,0.0285714285714286,0.0285714285714286,0.0285714285714286,0.0285714285714286,0.0285714285714286,0.0285714285714286,0.0285714285714286,0.0285714285714286,0.0285714285714286,0.0285714285714286,0.0285714285714286,0.0285714285714286,0,0
"Onychostoma simum",0.742857142857143,0.742857142857143,0.742857142857143,0.742857142857143,0.742857142857143,0.742857142857143,0.742857142857143,0.742857142857143,0.742857142857143,0.742857142857143,0.742857142857143,0.742857142857143,0.742857142857143,0.742857142857143,0.742857142857143,0.742857142857143,0.742857142857143,0.985714285714286,1,0.614285714285714,0.614285714285714,0.614285714285714,0.614285714285714,0.614285714285714,0.614285714285714,0.614285714285714,0.614285714285714,0.614285714285714,0.557142857142857,0.557142857142857,0.557142857142857,0.557142857142857,0.485714285714286,0.485714285714286,0.485714285714286,0.485714285714286,0.485714285714286,0.0285714285714286,0.0285714285714286,0.0285714285714286,0.0285714285714286,0.0285714285714286,0.0285714285714286,0.0285714285714286,0.0285714285714286,0.0285714285714286,0.0285714285714286,0.0285714285714286,0.0285714285714286,0.0285714285714286,0.0285714285714286,0.0285714285714286,0.0285714285714286,0.0285714285714286,0.0285714285714286,0.0285714285714286,0.0285714285714286,0.0285714285714286,0.0285714285714286,0.0285714285714286,0.0285714285714286,0.0285714285714286,0.0285714285714286,0.0285714285714286,0.0285714285714286,0.0285714285714286,0.0285714285714286,0.0285714285714286,0.0285714285714286,0,0
"Schizothorax wangchiachii",0.614285714285714,0.614285714285714,0.614285714285714,0.614285714285714,0.614285714285714,0.614285714285714,0.614285714285714,0.614285714285714,0.614285714285714,0.614285714285714,0.614285714285714,0.614285714285714,0.614285714285714,0.614285714285714,0.614285714285714,0.614285714285714,0.614285714285714,0.614285714285714,0.614285714285714,1,0.985714285714286,0.971428571428571,0.957142857142857,0.9,0.9,0.9,0.9,0.885714285714286,0.557142857142857,0.557142857142857,0.557142857142857,0.557142857142857,0.485714285714286,0.485714285714286,0.485714285714286,0.485714285714286,0.485714285714286,0.0285714285714286,0.0285714285714286,0.0285714285714286,0.0285714285714286,0.0285714285714286,0.0285714285714286,0.0285714285714286,0.0285714285714286,0.0285714285714286,0.0285714285714286,0.0285714285714286,0.0285714285714286,0.0285714285714286,0.0285714285714286,0.0285714285714286,0.0285714285714286,0.0285714285714286,0.0285714285714286,0.0285714285714286,0.0285714285714286,0.0285714285714286,0.0285714285714286,0.0285714285714286,0.0285714285714286,0.0285714285714286,0.0285714285714286,0.0285714285714286,0.0285714285714286,0.0285714285714286,0.0285714285714286,0.0285714285714286,0.0285714285714286,0,0
"Percocypris pingi",0.614285714285714,0.614285714285714,0.614285714285714,0.614285714285714,0.614285714285714,0.614285714285714,0.614285714285714,0.614285714285714,0.614285714285714,0.614285714285714,0.614285714285714,0.614285714285714,0.614285714285714,0.614285714285714,0.614285714285714,0.614285714285714,0.614285714285714,0.614285714285714,0.614285714285714,0.985714285714286,1,0.971428571428571,0.957142857142857,0.9,0.9,0.9,0.9,0.885714285714286,0.557142857142857,0.557142857142857,0.557142857142857,0.557142857142857,0.485714285714286,0.485714285714286,0.485714285714286,0.485714285714286,0.485714285714286,0.0285714285714286,0.0285714285714286,0.0285714285714286,0.0285714285714286,0.0285714285714286,0.0285714285714286,0.0285714285714286,0.0285714285714286,0.0285714285714286,0.0285714285714286,0.0285714285714286,0.0285714285714286,0.0285714285714286,0.0285714285714286,0.0285714285714286,0.0285714285714286,0.0285714285714286,0.0285714285714286,0.0285714285714286,0.0285714285714286,0.0285714285714286,0.0285714285714286,0.0285714285714286,0.0285714285714286,0.0285714285714286,0.0285714285714286,0.0285714285714286,0.0285714285714286,0.0285714285714286,0.0285714285714286,0.0285714285714286,0.0285714285714286,0,0
"Spinibarbus sinensis",0.614285714285714,0.614285714285714,0.614285714285714,0.614285714285714,0.614285714285714,0.614285714285714,0.614285714285714,0.614285714285714,0.614285714285714,0.614285714285714,0.614285714285714,0.614285714285714,0.614285714285714,0.614285714285714,0.614285714285714,0.614285714285714,0.614285714285714,0.614285714285714,0.614285714285714,0.971428571428571,0.971428571428571,1,0.957142857142857,0.9,0.9,0.9,0.9,0.885714285714286,0.557142857142857,0.557142857142857,0.557142857142857,0.557142857142857,0.485714285714286,0.485714285714286,0.485714285714286,0.485714285714286,0.485714285714286,0.0285714285714286,0.0285714285714286,0.0285714285714286,0.0285714285714286,0.0285714285714286,0.0285714285714286,0.0285714285714286,0.0285714285714286,0.0285714285714286,0.0285714285714286,0.0285714285714286,0.0285714285714286,0.0285714285714286,0.0285714285714286,0.0285714285714286,0.0285714285714286,0.0285714285714286,0.0285714285714286,0.0285714285714286,0.0285714285714286,0.0285714285714286,0.0285714285714286,0.0285714285714286,0.0285714285714286,0.0285714285714286,0.0285714285714286,0.0285714285714286,0.0285714285714286,0.0285714285714286,0.0285714285714286,0.0285714285714286,0.0285714285714286,0,0
"Enteromius neumayeri",0.614285714285714,0.614285714285714,0.614285714285714,0.614285714285714,0.614285714285714,0.614285714285714,0.614285714285714,0.614285714285714,0.614285714285714,0.614285714285714,0.614285714285714,0.614285714285714,0.614285714285714,0.614285714285714,0.614285714285714,0.614285714285714,0.614285714285714,0.614285714285714,0.614285714285714,0.957142857142857,0.957142857142857,0.957142857142857,1,0.9,0.9,0.9,0.9,0.885714285714286,0.557142857142857,0.557142857142857,0.557142857142857,0.557142857142857,0.485714285714286,0.485714285714286,0.485714285714286,0.485714285714286,0.485714285714286,0.0285714285714286,0.0285714285714286,0.0285714285714286,0.0285714285714286,0.0285714285714286,0.0285714285714286,0.0285714285714286,0.0285714285714286,0.0285714285714286,0.0285714285714286,0.0285714285714286,0.0285714285714286,0.0285714285714286,0.0285714285714286,0.0285714285714286,0.0285714285714286,0.0285714285714286,0.0285714285714286,0.0285714285714286,0.0285714285714286,0.0285714285714286,0.0285714285714286,0.0285714285714286,0.0285714285714286,0.0285714285714286,0.0285714285714286,0.0285714285714286,0.0285714285714286,0.0285714285714286,0.0285714285714286,0.0285714285714286,0.0285714285714286,0,0
"Cyprinus carpio",0.614285714285714,0.614285714285714,0.614285714285714,0.614285714285714,0.614285714285714,0.614285714285714,0.614285714285714,0.614285714285714,0.614285714285714,0.614285714285714,0.614285714285714,0.614285714285714,0.614285714285714,0.614285714285714,0.614285714285714,0.614285714285714,0.614285714285714,0.614285714285714,0.614285714285714,0.9,0.9,0.9,0.9,1,0.971428571428571,0.971428571428571,0.957142857142857,0.885714285714286,0.557142857142857,0.557142857142857,0.557142857142857,0.557142857142857,0.485714285714286,0.485714285714286,0.485714285714286,0.485714285714286,0.485714285714286,0.0285714285714286,0.0285714285714286,0.0285714285714286,0.0285714285714286,0.0285714285714286,0.0285714285714286,0.0285714285714286,0.0285714285714286,0.0285714285714286,0.0285714285714286,0.0285714285714286,0.0285714285714286,0.0285714285714286,0.0285714285714286,0.0285714285714286,0.0285714285714286,0.0285714285714286,0.0285714285714286,0.0285714285714286,0.0285714285714286,0.0285714285714286,0.0285714285714286,0.0285714285714286,0.0285714285714286,0.0285714285714286,0.0285714285714286,0.0285714285714286,0.0285714285714286,0.0285714285714286,0.0285714285714286,0.0285714285714286,0.0285714285714286,0,0
"Rhodeus sinensis",0.614285714285714,0.614285714285714,0.614285714285714,0.614285714285714,0.614285714285714,0.614285714285714,0.614285714285714,0.614285714285714,0.614285714285714,0.614285714285714,0.614285714285714,0.614285714285714,0.614285714285714,0.614285714285714,0.614285714285714,0.614285714285714,0.614285714285714,0.614285714285714,0.614285714285714,0.9,0.9,0.9,0.9,0.971428571428571,1,0.985714285714286,0.957142857142857,0.885714285714286,0.557142857142857,0.557142857142857,0.557142857142857,0.557142857142857,0.485714285714286,0.485714285714286,0.485714285714286,0.485714285714286,0.485714285714286,0.0285714285714286,0.0285714285714286,0.0285714285714286,0.0285714285714286,0.0285714285714286,0.0285714285714286,0.0285714285714286,0.0285714285714286,0.0285714285714286,0.0285714285714286,0.0285714285714286,0.0285714285714286,0.0285714285714286,0.0285714285714286,0.0285714285714286,0.0285714285714286,0.0285714285714286,0.0285714285714286,0.0285714285714286,0.0285714285714286,0.0285714285714286,0.0285714285714286,0.0285714285714286,0.0285714285714286,0.0285714285714286,0.0285714285714286,0.0285714285714286,0.0285714285714286,0.0285714285714286,0.0285714285714286,0.0285714285714286,0.0285714285714286,0,0
"Carassius auratus",0.614285714285714,0.614285714285714,0.614285714285714,0.614285714285714,0.614285714285714,0.614285714285714,0.614285714285714,0.614285714285714,0.614285714285714,0.614285714285714,0.614285714285714,0.614285714285714,0.614285714285714,0.614285714285714,0.614285714285714,0.614285714285714,0.614285714285714,0.614285714285714,0.614285714285714,0.9,0.9,0.9,0.9,0.971428571428571,0.985714285714286,1,0.957142857142857,0.885714285714286,0.557142857142857,0.557142857142857,0.557142857142857,0.557142857142857,0.485714285714286,0.485714285714286,0.485714285714286,0.485714285714286,0.485714285714286,0.0285714285714286,0.0285714285714286,0.0285714285714286,0.0285714285714286,0.0285714285714286,0.0285714285714286,0.0285714285714286,0.0285714285714286,0.0285714285714286,0.0285714285714286,0.0285714285714286,0.0285714285714286,0.0285714285714286,0.0285714285714286,0.0285714285714286,0.0285714285714286,0.0285714285714286,0.0285714285714286,0.0285714285714286,0.0285714285714286,0.0285714285714286,0.0285714285714286,0.0285714285714286,0.0285714285714286,0.0285714285714286,0.0285714285714286,0.0285714285714286,0.0285714285714286,0.0285714285714286,0.0285714285714286,0.0285714285714286,0.0285714285714286,0,0
"Procypris rabaudi",0.614285714285714,0.614285714285714,0.614285714285714,0.614285714285714,0.614285714285714,0.614285714285714,0.614285714285714,0.614285714285714,0.614285714285714,0.614285714285714,0.614285714285714,0.614285714285714,0.614285714285714,0.614285714285714,0.614285714285714,0.614285714285714,0.614285714285714,0.614285714285714,0.614285714285714,0.9,0.9,0.9,0.9,0.957142857142857,0.957142857142857,0.957142857142857,1,0.885714285714286,0.557142857142857,0.557142857142857,0.557142857142857,0.557142857142857,0.485714285714286,0.485714285714286,0.485714285714286,0.485714285714286,0.485714285714286,0.0285714285714286,0.0285714285714286,0.0285714285714286,0.0285714285714286,0.0285714285714286,0.0285714285714286,0.0285714285714286,0.0285714285714286,0.0285714285714286,0.0285714285714286,0.0285714285714286,0.0285714285714286,0.0285714285714286,0.0285714285714286,0.0285714285714286,0.0285714285714286,0.0285714285714286,0.0285714285714286,0.0285714285714286,0.0285714285714286,0.0285714285714286,0.0285714285714286,0.0285714285714286,0.0285714285714286,0.0285714285714286,0.0285714285714286,0.0285714285714286,0.0285714285714286,0.0285714285714286,0.0285714285714286,0.0285714285714286,0.0285714285714286,0,0
"Discogobio yunnanensis",0.614285714285714,0.614285714285714,0.614285714285714,0.614285714285714,0.614285714285714,0.614285714285714,0.614285714285714,0.614285714285714,0.614285714285714,0.614285714285714,0.614285714285714,0.614285714285714,0.614285714285714,0.614285714285714,0.614285714285714,0.614285714285714,0.614285714285714,0.614285714285714,0.614285714285714,0.885714285714286,0.885714285714286,0.885714285714286,0.885714285714286,0.885714285714286,0.885714285714286,0.885714285714286,0.885714285714286,1,0.557142857142857,0.557142857142857,0.557142857142857,0.557142857142857,0.485714285714286,0.485714285714286,0.485714285714286,0.485714285714286,0.485714285714286,0.0285714285714286,0.0285714285714286,0.0285714285714286,0.0285714285714286,0.0285714285714286,0.0285714285714286,0.0285714285714286,0.0285714285714286,0.0285714285714286,0.0285714285714286,0.0285714285714286,0.0285714285714286,0.0285714285714286,0.0285714285714286,0.0285714285714286,0.0285714285714286,0.0285714285714286,0.0285714285714286,0.0285714285714286,0.0285714285714286,0.0285714285714286,0.0285714285714286,0.0285714285714286,0.0285714285714286,0.0285714285714286,0.0285714285714286,0.0285714285714286,0.0285714285714286,0.0285714285714286,0.0285714285714286,0.0285714285714286,0.0285714285714286,0,0
"Misgurnus anguillicaudatus",0.557142857142857,0.557142857142857,0.557142857142857,0.557142857142857,0.557142857142857,0.557142857142857,0.557142857142857,0.557142857142857,0.557142857142857,0.557142857142857,0.557142857142857,0.557142857142857,0.557142857142857,0.557142857142857,0.557142857142857,0.557142857142857,0.557142857142857,0.557142857142857,0.557142857142857,0.557142857142857,0.557142857142857,0.557142857142857,0.557142857142857,0.557142857142857,0.557142857142857,0.557142857142857,0.557142857142857,0.557142857142857,1,0.985714285714286,0.971428571428571,0.957142857142857,0.485714285714286,0.485714285714286,0.485714285714286,0.485714285714286,0.485714285714286,0.0285714285714286,0.0285714285714286,0.0285714285714286,0.0285714285714286,0.0285714285714286,0.0285714285714286,0.0285714285714286,0.0285714285714286,0.0285714285714286,0.0285714285714286,0.0285714285714286,0.0285714285714286,0.0285714285714286,0.0285714285714286,0.0285714285714286,0.0285714285714286,0.0285714285714286,0.0285714285714286,0.0285714285714286,0.0285714285714286,0.0285714285714286,0.0285714285714286,0.0285714285714286,0.0285714285714286,0.0285714285714286,0.0285714285714286,0.0285714285714286,0.0285714285714286,0.0285714285714286,0.0285714285714286,0.0285714285714286,0.0285714285714286,0,0
"Triplophysa rosa",0.557142857142857,0.557142857142857,0.557142857142857,0.557142857142857,0.557142857142857,0.557142857142857,0.557142857142857,0.557142857142857,0.557142857142857,0.557142857142857,0.557142857142857,0.557142857142857,0.557142857142857,0.557142857142857,0.557142857142857,0.557142857142857,0.557142857142857,0.557142857142857,0.557142857142857,0.557142857142857,0.557142857142857,0.557142857142857,0.557142857142857,0.557142857142857,0.557142857142857,0.557142857142857,0.557142857142857,0.557142857142857,0.985714285714286,1,0.971428571428571,0.957142857142857,0.485714285714286,0.485714285714286,0.485714285714286,0.485714285714286,0.485714285714286,0.0285714285714286,0.0285714285714286,0.0285714285714286,0.0285714285714286,0.0285714285714286,0.0285714285714286,0.0285714285714286,0.0285714285714286,0.0285714285714286,0.0285714285714286,0.0285714285714286,0.0285714285714286,0.0285714285714286,0.0285714285714286,0.0285714285714286,0.0285714285714286,0.0285714285714286,0.0285714285714286,0.0285714285714286,0.0285714285714286,0.0285714285714286,0.0285714285714286,0.0285714285714286,0.0285714285714286,0.0285714285714286,0.0285714285714286,0.0285714285714286,0.0285714285714286,0.0285714285714286,0.0285714285714286,0.0285714285714286,0.0285714285714286,0,0
"Metahomaloptera omeiensis",0.557142857142857,0.557142857142857,0.557142857142857,0.557142857142857,0.557142857142857,0.557142857142857,0.557142857142857,0.557142857142857,0.557142857142857,0.557142857142857,0.557142857142857,0.557142857142857,0.557142857142857,0.557142857142857,0.557142857142857,0.557142857142857,0.557142857142857,0.557142857142857,0.557142857142857,0.557142857142857,0.557142857142857,0.557142857142857,0.557142857142857,0.557142857142857,0.557142857142857,0.557142857142857,0.557142857142857,0.557142857142857,0.971428571428571,0.971428571428571,1,0.957142857142857,0.485714285714286,0.485714285714286,0.485714285714286,0.485714285714286,0.485714285714286,0.0285714285714286,0.0285714285714286,0.0285714285714286,0.0285714285714286,0.0285714285714286,0.0285714285714286,0.0285714285714286,0.0285714285714286,0.0285714285714286,0.0285714285714286,0.0285714285714286,0.0285714285714286,0.0285714285714286,0.0285714285714286,0.0285714285714286,0.0285714285714286,0.0285714285714286,0.0285714285714286,0.0285714285714286,0.0285714285714286,0.0285714285714286,0.0285714285714286,0.0285714285714286,0.0285714285714286,0.0285714285714286,0.0285714285714286,0.0285714285714286,0.0285714285714286,0.0285714285714286,0.0285714285714286,0.0285714285714286,0.0285714285714286,0,0
"Myxocyprinus asiaticus",0.557142857142857,0.557142857142857,0.557142857142857,0.557142857142857,0.557142857142857,0.557142857142857,0.557142857142857,0.557142857142857,0.557142857142857,0.557142857142857,0.557142857142857,0.557142857142857,0.557142857142857,0.557142857142857,0.557142857142857,0.557142857142857,0.557142857142857,0.557142857142857,0.557142857142857,0.557142857142857,0.557142857142857,0.557142857142857,0.557142857142857,0.557142857142857,0.557142857142857,0.557142857142857,0.557142857142857,0.557142857142857,0.957142857142857,0.957142857142857,0.957142857142857,1,0.485714285714286,0.485714285714286,0.485714285714286,0.485714285714286,0.485714285714286,0.0285714285714286,0.0285714285714286,0.0285714285714286,0.0285714285714286,0.0285714285714286,0.0285714285714286,0.0285714285714286,0.0285714285714286,0.0285714285714286,0.0285714285714286,0.0285714285714286,0.0285714285714286,0.0285714285714286,0.0285714285714286,0.0285714285714286,0.0285714285714286,0.0285714285714286,0.0285714285714286,0.0285714285714286,0.0285714285714286,0.0285714285714286,0.0285714285714286,0.0285714285714286,0.0285714285714286,0.0285714285714286,0.0285714285714286,0.0285714285714286,0.0285714285714286,0.0285714285714286,0.0285714285714286,0.0285714285714286,0.0285714285714286,0,0
"Silurus meridionalis",0.485714285714286,0.485714285714286,0.485714285714286,0.485714285714286,0.485714285714286,0.485714285714286,0.485714285714286,0.485714285714286,0.485714285714286,0.485714285714286,0.485714285714286,0.485714285714286,0.485714285714286,0.485714285714286,0.485714285714286,0.485714285714286,0.485714285714286,0.485714285714286,0.485714285714286,0.485714285714286,0.485714285714286,0.485714285714286,0.485714285714286,0.485714285714286,0.485714285714286,0.485714285714286,0.485714285714286,0.485714285714286,0.485714285714286,0.485714285714286,0.485714285714286,0.485714285714286,1,0.957142857142857,0.957142857142857,0.957142857142857,0.942857142857143,0.0285714285714286,0.0285714285714286,0.0285714285714286,0.0285714285714286,0.0285714285714286,0.0285714285714286,0.0285714285714286,0.0285714285714286,0.0285714285714286,0.0285714285714286,0.0285714285714286,0.0285714285714286,0.0285714285714286,0.0285714285714286,0.0285714285714286,0.0285714285714286,0.0285714285714286,0.0285714285714286,0.0285714285714286,0.0285714285714286,0.0285714285714286,0.0285714285714286,0.0285714285714286,0.0285714285714286,0.0285714285714286,0.0285714285714286,0.0285714285714286,0.0285714285714286,0.0285714285714286,0.0285714285714286,0.0285714285714286,0.0285714285714286,0,0
"Tachysurus dumerili",0.485714285714286,0.485714285714286,0.485714285714286,0.485714285714286,0.485714285714286,0.485714285714286,0.485714285714286,0.485714285714286,0.485714285714286,0.485714285714286,0.485714285714286,0.485714285714286,0.485714285714286,0.485714285714286,0.485714285714286,0.485714285714286,0.485714285714286,0.485714285714286,0.485714285714286,0.485714285714286,0.485714285714286,0.485714285714286,0.485714285714286,0.485714285714286,0.485714285714286,0.485714285714286,0.485714285714286,0.485714285714286,0.485714285714286,0.485714285714286,0.485714285714286,0.485714285714286,0.957142857142857,1,0.985714285714286,0.957142857142857,0.942857142857143,0.0285714285714286,0.0285714285714286,0.0285714285714286,0.0285714285714286,0.0285714285714286,0.0285714285714286,0.0285714285714286,0.0285714285714286,0.0285714285714286,0.0285714285714286,0.0285714285714286,0.0285714285714286,0.0285714285714286,0.0285714285714286,0.0285714285714286,0.0285714285714286,0.0285714285714286,0.0285714285714286,0.0285714285714286,0.0285714285714286,0.0285714285714286,0.0285714285714286,0.0285714285714286,0.0285714285714286,0.0285714285714286,0.0285714285714286,0.0285714285714286,0.0285714285714286,0.0285714285714286,0.0285714285714286,0.0285714285714286,0.0285714285714286,0,0
"Hemibagrus macropterus",0.485714285714286,0.485714285714286,0.485714285714286,0.485714285714286,0.485714285714286,0.485714285714286,0.485714285714286,0.485714285714286,0.485714285714286,0.485714285714286,0.485714285714286,0.485714285714286,0.485714285714286,0.485714285714286,0.485714285714286,0.485714285714286,0.485714285714286,0.485714285714286,0.485714285714286,0.485714285714286,0.485714285714286,0.485714285714286,0.485714285714286,0.485714285714286,0.485714285714286,0.485714285714286,0.485714285714286,0.485714285714286,0.485714285714286,0.485714285714286,0.485714285714286,0.485714285714286,0.957142857142857,0.985714285714286,1,0.957142857142857,0.942857142857143,0.0285714285714286,0.0285714285714286,0.0285714285714286,0.0285714285714286,0.0285714285714286,0.0285714285714286,0.0285714285714286,0.0285714285714286,0.0285714285714286,0.0285714285714286,0.0285714285714286,0.0285714285714286,0.0285714285714286,0.0285714285714286,0.0285714285714286,0.0285714285714286,0.0285714285714286,0.0285714285714286,0.0285714285714286,0.0285714285714286,0.0285714285714286,0.0285714285714286,0.0285714285714286,0.0285714285714286,0.0285714285714286,0.0285714285714286,0.0285714285714286,0.0285714285714286,0.0285714285714286,0.0285714285714286,0.0285714285714286,0.0285714285714286,0,0
"Pseudobagrus vachellii",0.485714285714286,0.485714285714286,0.485714285714286,0.485714285714286,0.485714285714286,0.485714285714286,0.485714285714286,0.485714285714286,0.485714285714286,0.485714285714286,0.485714285714286,0.485714285714286,0.485714285714286,0.485714285714286,0.485714285714286,0.485714285714286,0.485714285714286,0.485714285714286,0.485714285714286,0.485714285714286,0.485714285714286,0.485714285714286,0.485714285714286,0.485714285714286,0.485714285714286,0.485714285714286,0.485714285714286,0.485714285714286,0.485714285714286,0.485714285714286,0.485714285714286,0.485714285714286,0.957142857142857,0.957142857142857,0.957142857142857,1,0.942857142857143,0.0285714285714286,0.0285714285714286,0.0285714285714286,0.0285714285714286,0.0285714285714286,0.0285714285714286,0.0285714285714286,0.0285714285714286,0.0285714285714286,0.0285714285714286,0.0285714285714286,0.0285714285714286,0.0285714285714286,0.0285714285714286,0.0285714285714286,0.0285714285714286,0.0285714285714286,0.0285714285714286,0.0285714285714286,0.0285714285714286,0.0285714285714286,0.0285714285714286,0.0285714285714286,0.0285714285714286,0.0285714285714286,0.0285714285714286,0.0285714285714286,0.0285714285714286,0.0285714285714286,0.0285714285714286,0.0285714285714286,0.0285714285714286,0,0
"Piaractus mesopotamicus",0.485714285714286,0.485714285714286,0.485714285714286,0.485714285714286,0.485714285714286,0.485714285714286,0.485714285714286,0.485714285714286,0.485714285714286,0.485714285714286,0.485714285714286,0.485714285714286,0.485714285714286,0.485714285714286,0.485714285714286,0.485714285714286,0.485714285714286,0.485714285714286,0.485714285714286,0.485714285714286,0.485714285714286,0.485714285714286,0.485714285714286,0.485714285714286,0.485714285714286,0.485714285714286,0.485714285714286,0.485714285714286,0.485714285714286,0.485714285714286,0.485714285714286,0.485714285714286,0.942857142857143,0.942857142857143,0.942857142857143,0.942857142857143,1,0.0285714285714286,0.0285714285714286,0.0285714285714286,0.0285714285714286,0.0285714285714286,0.0285714285714286,0.0285714285714286,0.0285714285714286,0.0285714285714286,0.0285714285714286,0.0285714285714286,0.0285714285714286,0.0285714285714286,0.0285714285714286,0.0285714285714286,0.0285714285714286,0.0285714285714286,0.0285714285714286,0.0285714285714286,0.0285714285714286,0.0285714285714286,0.0285714285714286,0.0285714285714286,0.0285714285714286,0.0285714285714286,0.0285714285714286,0.0285714285714286,0.0285714285714286,0.0285714285714286,0.0285714285714286,0.0285714285714286,0.0285714285714286,0,0
"Oncorhynchus nerka",0.0285714285714286,0.0285714285714286,0.0285714285714286,0.0285714285714286,0.0285714285714286,0.0285714285714286,0.0285714285714286,0.0285714285714286,0.0285714285714286,0.0285714285714286,0.0285714285714286,0.0285714285714286,0.0285714285714286,0.0285714285714286,0.0285714285714286,0.0285714285714286,0.0285714285714286,0.0285714285714286,0.0285714285714286,0.0285714285714286,0.0285714285714286,0.0285714285714286,0.0285714285714286,0.0285714285714286,0.0285714285714286,0.0285714285714286,0.0285714285714286,0.0285714285714286,0.0285714285714286,0.0285714285714286,0.0285714285714286,0.0285714285714286,0.0285714285714286,0.0285714285714286,0.0285714285714286,0.0285714285714286,0.0285714285714286,1,0.957142857142857,0.957142857142857,0.957142857142857,0.942857142857143,0.928571428571429,0.557142857142857,0.557142857142857,0.557142857142857,0.557142857142857,0.557142857142857,0.557142857142857,0.557142857142857,0.557142857142857,0.557142857142857,0.557142857142857,0.557142857142857,0.557142857142857,0.557142857142857,0.557142857142857,0.557142857142857,0.557142857142857,0.557142857142857,0.557142857142857,0.557142857142857,0.557142857142857,0.557142857142857,0.557142857142857,0.557142857142857,0.557142857142857,0.557142857142857,0.557142857142857,0,0
"Oncorhynchus mykiss",0.0285714285714286,0.0285714285714286,0.0285714285714286,0.0285714285714286,0.0285714285714286,0.0285714285714286,0.0285714285714286,0.0285714285714286,0.0285714285714286,0.0285714285714286,0.0285714285714286,0.0285714285714286,0.0285714285714286,0.0285714285714286,0.0285714285714286,0.0285714285714286,0.0285714285714286,0.0285714285714286,0.0285714285714286,0.0285714285714286,0.0285714285714286,0.0285714285714286,0.0285714285714286,0.0285714285714286,0.0285714285714286,0.0285714285714286,0.0285714285714286,0.0285714285714286,0.0285714285714286,0.0285714285714286,0.0285714285714286,0.0285714285714286,0.0285714285714286,0.0285714285714286,0.0285714285714286,0.0285714285714286,0.0285714285714286,0.957142857142857,1,0.971428571428571,0.971428571428571,0.942857142857143,0.928571428571429,0.557142857142857,0.557142857142857,0.557142857142857,0.557142857142857,0.557142857142857,0.557142857142857,0.557142857142857,0.557142857142857,0.557142857142857,0.557142857142857,0.557142857142857,0.557142857142857,0.557142857142857,0.557142857142857,0.557142857142857,0.557142857142857,0.557142857142857,0.557142857142857,0.557142857142857,0.557142857142857,0.557142857142857,0.557142857142857,0.557142857142857,0.557142857142857,0.557142857142857,0.557142857142857,0,0
"Oncorhynchus tshawytscha",0.0285714285714286,0.0285714285714286,0.0285714285714286,0.0285714285714286,0.0285714285714286,0.0285714285714286,0.0285714285714286,0.0285714285714286,0.0285714285714286,0.0285714285714286,0.0285714285714286,0.0285714285714286,0.0285714285714286,0.0285714285714286,0.0285714285714286,0.0285714285714286,0.0285714285714286,0.0285714285714286,0.0285714285714286,0.0285714285714286,0.0285714285714286,0.0285714285714286,0.0285714285714286,0.0285714285714286,0.0285714285714286,0.0285714285714286,0.0285714285714286,0.0285714285714286,0.0285714285714286,0.0285714285714286,0.0285714285714286,0.0285714285714286,0.0285714285714286,0.0285714285714286,0.0285714285714286,0.0285714285714286,0.0285714285714286,0.957142857142857,0.971428571428571,1,0.985714285714286,0.942857142857143,0.928571428571429,0.557142857142857,0.557142857142857,0.557142857142857,0.557142857142857,0.557142857142857,0.557142857142857,0.557142857142857,0.557142857142857,0.557142857142857,0.557142857142857,0.557142857142857,0.557142857142857,0.557142857142857,0.557142857142857,0.557142857142857,0.557142857142857,0.557142857142857,0.557142857142857,0.557142857142857,0.557142857142857,0.557142857142857,0.557142857142857,0.557142857142857,0.557142857142857,0.557142857142857,0.557142857142857,0,0
"Oncorhynchus kisutch",0.0285714285714286,0.0285714285714286,0.0285714285714286,0.0285714285714286,0.0285714285714286,0.0285714285714286,0.0285714285714286,0.0285714285714286,0.0285714285714286,0.0285714285714286,0.0285714285714286,0.0285714285714286,0.0285714285714286,0.0285714285714286,0.0285714285714286,0.0285714285714286,0.0285714285714286,0.0285714285714286,0.0285714285714286,0.0285714285714286,0.0285714285714286,0.0285714285714286,0.0285714285714286,0.0285714285714286,0.0285714285714286,0.0285714285714286,0.0285714285714286,0.0285714285714286,0.0285714285714286,0.0285714285714286,0.0285714285714286,0.0285714285714286,0.0285714285714286,0.0285714285714286,0.0285714285714286,0.0285714285714286,0.0285714285714286,0.957142857142857,0.971428571428571,0.985714285714286,1,0.942857142857143,0.928571428571429,0.557142857142857,0.557142857142857,0.557142857142857,0.557142857142857,0.557142857142857,0.557142857142857,0.557142857142857,0.557142857142857,0.557142857142857,0.557142857142857,0.557142857142857,0.557142857142857,0.557142857142857,0.557142857142857,0.557142857142857,0.557142857142857,0.557142857142857,0.557142857142857,0.557142857142857,0.557142857142857,0.557142857142857,0.557142857142857,0.557142857142857,0.557142857142857,0.557142857142857,0.557142857142857,0,0
"Salvelinus alpinus",0.0285714285714286,0.0285714285714286,0.0285714285714286,0.0285714285714286,0.0285714285714286,0.0285714285714286,0.0285714285714286,0.0285714285714286,0.0285714285714286,0.0285714285714286,0.0285714285714286,0.0285714285714286,0.0285714285714286,0.0285714285714286,0.0285714285714286,0.0285714285714286,0.0285714285714286,0.0285714285714286,0.0285714285714286,0.0285714285714286,0.0285714285714286,0.0285714285714286,0.0285714285714286,0.0285714285714286,0.0285714285714286,0.0285714285714286,0.0285714285714286,0.0285714285714286,0.0285714285714286,0.0285714285714286,0.0285714285714286,0.0285714285714286,0.0285714285714286,0.0285714285714286,0.0285714285714286,0.0285714285714286,0.0285714285714286,0.942857142857143,0.942857142857143,0.942857142857143,0.942857142857143,1,0.928571428571429,0.557142857142857,0.557142857142857,0.557142857142857,0.557142857142857,0.557142857142857,0.557142857142857,0.557142857142857,0.557142857142857,0.557142857142857,0.557142857142857,0.557142857142857,0.557142857142857,0.557142857142857,0.557142857142857,0.557142857142857,0.557142857142857,0.557142857142857,0.557142857142857,0.557142857142857,0.557142857142857,0.557142857142857,0.557142857142857,0.557142857142857,0.557142857142857,0.557142857142857,0.557142857142857,0,0
"Salmo trutta",0.0285714285714286,0.0285714285714286,0.0285714285714286,0.0285714285714286,0.0285714285714286,0.0285714285714286,0.0285714285714286,0.0285714285714286,0.0285714285714286,0.0285714285714286,0.0285714285714286,0.0285714285714286,0.0285714285714286,0.0285714285714286,0.0285714285714286,0.0285714285714286,0.0285714285714286,0.0285714285714286,0.0285714285714286,0.0285714285714286,0.0285714285714286,0.0285714285714286,0.0285714285714286,0.0285714285714286,0.0285714285714286,0.0285714285714286,0.0285714285714286,0.0285714285714286,0.0285714285714286,0.0285714285714286,0.0285714285714286,0.0285714285714286,0.0285714285714286,0.0285714285714286,0.0285714285714286,0.0285714285714286,0.0285714285714286,0.928571428571429,0.928571428571429,0.928571428571429,0.928571428571429,0.928571428571429,1,0.557142857142857,0.557142857142857,0.557142857142857,0.557142857142857,0.557142857142857,0.557142857142857,0.557142857142857,0.557142857142857,0.557142857142857,0.557142857142857,0.557142857142857,0.557142857142857,0.557142857142857,0.557142857142857,0.557142857142857,0.557142857142857,0.557142857142857,0.557142857142857,0.557142857142857,0.557142857142857,0.557142857142857,0.557142857142857,0.557142857142857,0.557142857142857,0.557142857142857,0.557142857142857,0,0
"Pomacentrus amboinensis",0.0285714285714286,0.0285714285714286,0.0285714285714286,0.0285714285714286,0.0285714285714286,0.0285714285714286,0.0285714285714286,0.0285714285714286,0.0285714285714286,0.0285714285714286,0.0285714285714286,0.0285714285714286,0.0285714285714286,0.0285714285714286,0.0285714285714286,0.0285714285714286,0.0285714285714286,0.0285714285714286,0.0285714285714286,0.0285714285714286,0.0285714285714286,0.0285714285714286,0.0285714285714286,0.0285714285714286,0.0285714285714286,0.0285714285714286,0.0285714285714286,0.0285714285714286,0.0285714285714286,0.0285714285714286,0.0285714285714286,0.0285714285714286,0.0285714285714286,0.0285714285714286,0.0285714285714286,0.0285714285714286,0.0285714285714286,0.557142857142857,0.557142857142857,0.557142857142857,0.557142857142857,0.557142857142857,0.557142857142857,1,0.985714285714286,0.928571428571428,0.928571428571428,0.928571428571428,0.928571428571428,0.857142857142857,0.857142857142857,0.857142857142857,0.857142857142857,0.857142857142857,0.685714285714286,0.685714285714286,0.685714285714286,0.685714285714286,0.685714285714286,0.685714285714286,0.685714285714286,0.685714285714286,0.685714285714286,0.685714285714286,0.685714285714286,0.685714285714286,0.657142857142857,0.657142857142857,0.642857142857143,0,0
"Acanthochromis polyacanthus",0.0285714285714286,0.0285714285714286,0.0285714285714286,0.0285714285714286,0.0285714285714286,0.0285714285714286,0.0285714285714286,0.0285714285714286,0.0285714285714286,0.0285714285714286,0.0285714285714286,0.0285714285714286,0.0285714285714286,0.0285714285714286,0.0285714285714286,0.0285714285714286,0.0285714285714286,0.0285714285714286,0.0285714285714286,0.0285714285714286,0.0285714285714286,0.0285714285714286,0.0285714285714286,0.0285714285714286,0.0285714285714286,0.0285714285714286,0.0285714285714286,0.0285714285714286,0.0285714285714286,0.0285714285714286,0.0285714285714286,0.0285714285714286,0.0285714285714286,0.0285714285714286,0.0285714285714286,0.0285714285714286,0.0285714285714286,0.557142857142857,0.557142857142857,0.557142857142857,0.557142857142857,0.557142857142857,0.557142857142857,0.985714285714286,1,0.928571428571428,0.928571428571428,0.928571428571428,0.928571428571428,0.857142857142857,0.857142857142857,0.857142857142857,0.857142857142857,0.857142857142857,0.685714285714286,0.685714285714286,0.685714285714286,0.685714285714286,0.685714285714286,0.685714285714286,0.685714285714286,0.685714285714286,0.685714285714286,0.685714285714286,0.685714285714286,0.685714285714286,0.657142857142857,0.657142857142857,0.642857142857143,0,0
"Oreochromis niloticus",0.0285714285714286,0.0285714285714286,0.0285714285714286,0.0285714285714286,0.0285714285714286,0.0285714285714286,0.0285714285714286,0.0285714285714286,0.0285714285714286,0.0285714285714286,0.0285714285714286,0.0285714285714286,0.0285714285714286,0.0285714285714286,0.0285714285714286,0.0285714285714286,0.0285714285714286,0.0285714285714286,0.0285714285714286,0.0285714285714286,0.0285714285714286,0.0285714285714286,0.0285714285714286,0.0285714285714286,0.0285714285714286,0.0285714285714286,0.0285714285714286,0.0285714285714286,0.0285714285714286,0.0285714285714286,0.0285714285714286,0.0285714285714286,0.0285714285714286,0.0285714285714286,0.0285714285714286,0.0285714285714286,0.0285714285714286,0.557142857142857,0.557142857142857,0.557142857142857,0.557142857142857,0.557142857142857,0.557142857142857,0.928571428571428,0.928571428571428,1,0.957142857142857,0.957142857142857,0.957142857142857,0.857142857142857,0.857142857142857,0.857142857142857,0.857142857142857,0.857142857142857,0.685714285714286,0.685714285714286,0.685714285714286,0.685714285714286,0.685714285714286,0.685714285714286,0.685714285714286,0.685714285714286,0.685714285714286,0.685714285714286,0.685714285714286,0.685714285714286,0.657142857142857,0.657142857142857,0.642857142857143,0,0
"Poecilia reticulata",0.0285714285714286,0.0285714285714286,0.0285714285714286,0.0285714285714286,0.0285714285714286,0.0285714285714286,0.0285714285714286,0.0285714285714286,0.0285714285714286,0.0285714285714286,0.0285714285714286,0.0285714285714286,0.0285714285714286,0.0285714285714286,0.0285714285714286,0.0285714285714286,0.0285714285714286,0.0285714285714286,0.0285714285714286,0.0285714285714286,0.0285714285714286,0.0285714285714286,0.0285714285714286,0.0285714285714286,0.0285714285714286,0.0285714285714286,0.0285714285714286,0.0285714285714286,0.0285714285714286,0.0285714285714286,0.0285714285714286,0.0285714285714286,0.0285714285714286,0.0285714285714286,0.0285714285714286,0.0285714285714286,0.0285714285714286,0.557142857142857,0.557142857142857,0.557142857142857,0.557142857142857,0.557142857142857,0.557142857142857,0.928571428571428,0.928571428571428,0.957142857142857,1,0.985714285714285,0.971428571428571,0.857142857142857,0.857142857142857,0.857142857142857,0.857142857142857,0.857142857142857,0.685714285714286,0.685714285714286,0.685714285714286,0.685714285714286,0.685714285714286,0.685714285714286,0.685714285714286,0.685714285714286,0.685714285714286,0.685714285714286,0.685714285714286,0.685714285714286,0.657142857142857,0.657142857142857,0.642857142857143,0,0
"Gambusia holbrooki",0.0285714285714286,0.0285714285714286,0.0285714285714286,0.0285714285714286,0.0285714285714286,0.0285714285714286,0.0285714285714286,0.0285714285714286,0.0285714285714286,0.0285714285714286,0.0285714285714286,0.0285714285714286,0.0285714285714286,0.0285714285714286,0.0285714285714286,0.0285714285714286,0.0285714285714286,0.0285714285714286,0.0285714285714286,0.0285714285714286,0.0285714285714286,0.0285714285714286,0.0285714285714286,0.0285714285714286,0.0285714285714286,0.0285714285714286,0.0285714285714286,0.0285714285714286,0.0285714285714286,0.0285714285714286,0.0285714285714286,0.0285714285714286,0.0285714285714286,0.0285714285714286,0.0285714285714286,0.0285714285714286,0.0285714285714286,0.557142857142857,0.557142857142857,0.557142857142857,0.557142857142857,0.557142857142857,0.557142857142857,0.928571428571428,0.928571428571428,0.957142857142857,0.985714285714285,1,0.971428571428571,0.857142857142857,0.857142857142857,0.857142857142857,0.857142857142857,0.857142857142857,0.685714285714286,0.685714285714286,0.685714285714286,0.685714285714286,0.685714285714286,0.685714285714286,0.685714285714286,0.685714285714286,0.685714285714286,0.685714285714286,0.685714285714286,0.685714285714286,0.657142857142857,0.657142857142857,0.642857142857143,0,0
"Fundulus grandis",0.0285714285714286,0.0285714285714286,0.0285714285714286,0.0285714285714286,0.0285714285714286,0.0285714285714286,0.0285714285714286,0.0285714285714286,0.0285714285714286,0.0285714285714286,0.0285714285714286,0.0285714285714286,0.0285714285714286,0.0285714285714286,0.0285714285714286,0.0285714285714286,0.0285714285714286,0.0285714285714286,0.0285714285714286,0.0285714285714286,0.0285714285714286,0.0285714285714286,0.0285714285714286,0.0285714285714286,0.0285714285714286,0.0285714285714286,0.0285714285714286,0.0285714285714286,0.0285714285714286,0.0285714285714286,0.0285714285714286,0.0285714285714286,0.0285714285714286,0.0285714285714286,0.0285714285714286,0.0285714285714286,0.0285714285714286,0.557142857142857,0.557142857142857,0.557142857142857,0.557142857142857,0.557142857142857,0.557142857142857,0.928571428571428,0.928571428571428,0.957142857142857,0.971428571428571,0.971428571428571,1,0.857142857142857,0.857142857142857,0.857142857142857,0.857142857142857,0.857142857142857,0.685714285714286,0.685714285714286,0.685714285714286,0.685714285714286,0.685714285714286,0.685714285714286,0.685714285714286,0.685714285714286,0.685714285714286,0.685714285714286,0.685714285714286,0.685714285714286,0.657142857142857,0.657142857142857,0.642857142857143,0,0
"Paralichthys olivaceus",0.0285714285714286,0.0285714285714286,0.0285714285714286,0.0285714285714286,0.0285714285714286,0.0285714285714286,0.0285714285714286,0.0285714285714286,0.0285714285714286,0.0285714285714286,0.0285714285714286,0.0285714285714286,0.0285714285714286,0.0285714285714286,0.0285714285714286,0.0285714285714286,0.0285714285714286,0.0285714285714286,0.0285714285714286,0.0285714285714286,0.0285714285714286,0.0285714285714286,0.0285714285714286,0.0285714285714286,0.0285714285714286,0.0285714285714286,0.0285714285714286,0.0285714285714286,0.0285714285714286,0.0285714285714286,0.0285714285714286,0.0285714285714286,0.0285714285714286,0.0285714285714286,0.0285714285714286,0.0285714285714286,0.0285714285714286,0.557142857142857,0.557142857142857,0.557142857142857,0.557142857142857,0.557142857142857,0.557142857142857,0.857142857142857,0.857142857142857,0.857142857142857,0.857142857142857,0.857142857142857,0.857142857142857,1,0.971428571428571,0.971428571428571,0.957142857142857,0.942857142857143,0.685714285714286,0.685714285714286,0.685714285714286,0.685714285714286,0.685714285714286,0.685714285714286,0.685714285714286,0.685714285714286,0.685714285714286,0.685714285714286,0.685714285714286,0.685714285714286,0.657142857142857,0.657142857142857,0.642857142857143,0,0
"Lates niloticus",0.0285714285714286,0.0285714285714286,0.0285714285714286,0.0285714285714286,0.0285714285714286,0.0285714285714286,0.0285714285714286,0.0285714285714286,0.0285714285714286,0.0285714285714286,0.0285714285714286,0.0285714285714286,0.0285714285714286,0.0285714285714286,0.0285714285714286,0.0285714285714286,0.0285714285714286,0.0285714285714286,0.0285714285714286,0.0285714285714286,0.0285714285714286,0.0285714285714286,0.0285714285714286,0.0285714285714286,0.0285714285714286,0.0285714285714286,0.0285714285714286,0.0285714285714286,0.0285714285714286,0.0285714285714286,0.0285714285714286,0.0285714285714286,0.0285714285714286,0.0285714285714286,0.0285714285714286,0.0285714285714286,0.0285714285714286,0.557142857142857,0.557142857142857,0.557142857142857,0.557142857142857,0.557142857142857,0.557142857142857,0.857142857142857,0.857142857142857,0.857142857142857,0.857142857142857,0.857142857142857,0.857142857142857,0.971428571428571,1,0.985714285714285,0.957142857142857,0.942857142857143,0.685714285714286,0.685714285714286,0.685714285714286,0.685714285714286,0.685714285714286,0.685714285714286,0.685714285714286,0.685714285714286,0.685714285714286,0.685714285714286,0.685714285714286,0.685714285714286,0.657142857142857,0.657142857142857,0.642857142857143,0,0
"Lates calcarifer",0.0285714285714286,0.0285714285714286,0.0285714285714286,0.0285714285714286,0.0285714285714286,0.0285714285714286,0.0285714285714286,0.0285714285714286,0.0285714285714286,0.0285714285714286,0.0285714285714286,0.0285714285714286,0.0285714285714286,0.0285714285714286,0.0285714285714286,0.0285714285714286,0.0285714285714286,0.0285714285714286,0.0285714285714286,0.0285714285714286,0.0285714285714286,0.0285714285714286,0.0285714285714286,0.0285714285714286,0.0285714285714286,0.0285714285714286,0.0285714285714286,0.0285714285714286,0.0285714285714286,0.0285714285714286,0.0285714285714286,0.0285714285714286,0.0285714285714286,0.0285714285714286,0.0285714285714286,0.0285714285714286,0.0285714285714286,0.557142857142857,0.557142857142857,0.557142857142857,0.557142857142857,0.557142857142857,0.557142857142857,0.857142857142857,0.857142857142857,0.857142857142857,0.857142857142857,0.857142857142857,0.857142857142857,0.971428571428571,0.985714285714285,1,0.957142857142857,0.942857142857143,0.685714285714286,0.685714285714286,0.685714285714286,0.685714285714286,0.685714285714286,0.685714285714286,0.685714285714286,0.685714285714286,0.685714285714286,0.685714285714286,0.685714285714286,0.685714285714286,0.657142857142857,0.657142857142857,0.642857142857143,0,0
"Coryphaena hippurus",0.0285714285714286,0.0285714285714286,0.0285714285714286,0.0285714285714286,0.0285714285714286,0.0285714285714286,0.0285714285714286,0.0285714285714286,0.0285714285714286,0.0285714285714286,0.0285714285714286,0.0285714285714286,0.0285714285714286,0.0285714285714286,0.0285714285714286,0.0285714285714286,0.0285714285714286,0.0285714285714286,0.0285714285714286,0.0285714285714286,0.0285714285714286,0.0285714285714286,0.0285714285714286,0.0285714285714286,0.0285714285714286,0.0285714285714286,0.0285714285714286,0.0285714285714286,0.0285714285714286,0.0285714285714286,0.0285714285714286,0.0285714285714286,0.0285714285714286,0.0285714285714286,0.0285714285714286,0.0285714285714286,0.0285714285714286,0.557142857142857,0.557142857142857,0.557142857142857,0.557142857142857,0.557142857142857,0.557142857142857,0.857142857142857,0.857142857142857,0.857142857142857,0.857142857142857,0.857142857142857,0.857142857142857,0.957142857142857,0.957142857142857,0.957142857142857,1,0.942857142857143,0.685714285714286,0.685714285714286,0.685714285714286,0.685714285714286,0.685714285714286,0.685714285714286,0.685714285714286,0.685714285714286,0.685714285714286,0.685714285714286,0.685714285714286,0.685714285714286,0.657142857142857,0.657142857142857,0.642857142857143,0,0
"Channa argus",0.0285714285714286,0.0285714285714286,0.0285714285714286,0.0285714285714286,0.0285714285714286,0.0285714285714286,0.0285714285714286,0.0285714285714286,0.0285714285714286,0.0285714285714286,0.0285714285714286,0.0285714285714286,0.0285714285714286,0.0285714285714286,0.0285714285714286,0.0285714285714286,0.0285714285714286,0.0285714285714286,0.0285714285714286,0.0285714285714286,0.0285714285714286,0.0285714285714286,0.0285714285714286,0.0285714285714286,0.0285714285714286,0.0285714285714286,0.0285714285714286,0.0285714285714286,0.0285714285714286,0.0285714285714286,0.0285714285714286,0.0285714285714286,0.0285714285714286,0.0285714285714286,0.0285714285714286,0.0285714285714286,0.0285714285714286,0.557142857142857,0.557142857142857,0.557142857142857,0.557142857142857,0.557142857142857,0.557142857142857,0.857142857142857,0.857142857142857,0.857142857142857,0.857142857142857,0.857142857142857,0.857142857142857,0.942857142857143,0.942857142857143,0.942857142857143,0.942857142857143,1,0.685714285714286,0.685714285714286,0.685714285714286,0.685714285714286,0.685714285714286,0.685714285714286,0.685714285714286,0.685714285714286,0.685714285714286,0.685714285714286,0.685714285714286,0.685714285714286,0.657142857142857,0.657142857142857,0.642857142857143,0,0
"Dicentrarchus labrax",0.0285714285714286,0.0285714285714286,0.0285714285714286,0.0285714285714286,0.0285714285714286,0.0285714285714286,0.0285714285714286,0.0285714285714286,0.0285714285714286,0.0285714285714286,0.0285714285714286,0.0285714285714286,0.0285714285714286,0.0285714285714286,0.0285714285714286,0.0285714285714286,0.0285714285714286,0.0285714285714286,0.0285714285714286,0.0285714285714286,0.0285714285714286,0.0285714285714286,0.0285714285714286,0.0285714285714286,0.0285714285714286,0.0285714285714286,0.0285714285714286,0.0285714285714286,0.0285714285714286,0.0285714285714286,0.0285714285714286,0.0285714285714286,0.0285714285714286,0.0285714285714286,0.0285714285714286,0.0285714285714286,0.0285714285714286,0.557142857142857,0.557142857142857,0.557142857142857,0.557142857142857,0.557142857142857,0.557142857142857,0.685714285714286,0.685714285714286,0.685714285714286,0.685714285714286,0.685714285714286,0.685714285714286,0.685714285714286,0.685714285714286,0.685714285714286,0.685714285714286,0.685714285714286,1,0.971428571428571,0.971428571428571,0.914285714285714,0.914285714285714,0.914285714285714,0.914285714285714,0.842857142857143,0.842857142857143,0.842857142857143,0.842857142857143,0.842857142857143,0.657142857142857,0.657142857142857,0.642857142857143,0,0
"Caesio cuning",0.0285714285714286,0.0285714285714286,0.0285714285714286,0.0285714285714286,0.0285714285714286,0.0285714285714286,0.0285714285714286,0.0285714285714286,0.0285714285714286,0.0285714285714286,0.0285714285714286,0.0285714285714286,0.0285714285714286,0.0285714285714286,0.0285714285714286,0.0285714285714286,0.0285714285714286,0.0285714285714286,0.0285714285714286,0.0285714285714286,0.0285714285714286,0.0285714285714286,0.0285714285714286,0.0285714285714286,0.0285714285714286,0.0285714285714286,0.0285714285714286,0.0285714285714286,0.0285714285714286,0.0285714285714286,0.0285714285714286,0.0285714285714286,0.0285714285714286,0.0285714285714286,0.0285714285714286,0.0285714285714286,0.0285714285714286,0.557142857142857,0.557142857142857,0.557142857142857,0.557142857142857,0.557142857142857,0.557142857142857,0.685714285714286,0.685714285714286,0.685714285714286,0.685714285714286,0.685714285714286,0.685714285714286,0.685714285714286,0.685714285714286,0.685714285714286,0.685714285714286,0.685714285714286,0.971428571428571,1,0.985714285714286,0.914285714285714,0.914285714285714,0.914285714285714,0.914285714285714,0.842857142857143,0.842857142857143,0.842857142857143,0.842857142857143,0.842857142857143,0.657142857142857,0.657142857142857,0.642857142857143,0,0
"Sciaenops ocellatus",0.0285714285714286,0.0285714285714286,0.0285714285714286,0.0285714285714286,0.0285714285714286,0.0285714285714286,0.0285714285714286,0.0285714285714286,0.0285714285714286,0.0285714285714286,0.0285714285714286,0.0285714285714286,0.0285714285714286,0.0285714285714286,0.0285714285714286,0.0285714285714286,0.0285714285714286,0.0285714285714286,0.0285714285714286,0.0285714285714286,0.0285714285714286,0.0285714285714286,0.0285714285714286,0.0285714285714286,0.0285714285714286,0.0285714285714286,0.0285714285714286,0.0285714285714286,0.0285714285714286,0.0285714285714286,0.0285714285714286,0.0285714285714286,0.0285714285714286,0.0285714285714286,0.0285714285714286,0.0285714285714286,0.0285714285714286,0.557142857142857,0.557142857142857,0.557142857142857,0.557142857142857,0.557142857142857,0.557142857142857,0.685714285714286,0.685714285714286,0.685714285714286,0.685714285714286,0.685714285714286,0.685714285714286,0.685714285714286,0.685714285714286,0.685714285714286,0.685714285714286,0.685714285714286,0.971428571428571,0.985714285714286,1,0.914285714285714,0.914285714285714,0.914285714285714,0.914285714285714,0.842857142857143,0.842857142857143,0.842857142857143,0.842857142857143,0.842857142857143,0.657142857142857,0.657142857142857,0.642857142857143,0,0
"Tautogolabrus adspersus",0.0285714285714286,0.0285714285714286,0.0285714285714286,0.0285714285714286,0.0285714285714286,0.0285714285714286,0.0285714285714286,0.0285714285714286,0.0285714285714286,0.0285714285714286,0.0285714285714286,0.0285714285714286,0.0285714285714286,0.0285714285714286,0.0285714285714286,0.0285714285714286,0.0285714285714286,0.0285714285714286,0.0285714285714286,0.0285714285714286,0.0285714285714286,0.0285714285714286,0.0285714285714286,0.0285714285714286,0.0285714285714286,0.0285714285714286,0.0285714285714286,0.0285714285714286,0.0285714285714286,0.0285714285714286,0.0285714285714286,0.0285714285714286,0.0285714285714286,0.0285714285714286,0.0285714285714286,0.0285714285714286,0.0285714285714286,0.557142857142857,0.557142857142857,0.557142857142857,0.557142857142857,0.557142857142857,0.557142857142857,0.685714285714286,0.685714285714286,0.685714285714286,0.685714285714286,0.685714285714286,0.685714285714286,0.685714285714286,0.685714285714286,0.685714285714286,0.685714285714286,0.685714285714286,0.914285714285714,0.914285714285714,0.914285714285714,1,0.957142857142857,0.957142857142857,0.957142857142857,0.842857142857143,0.842857142857143,0.842857142857143,0.842857142857143,0.842857142857143,0.657142857142857,0.657142857142857,0.642857142857143,0,0
"Halichoeres melanurus",0.0285714285714286,0.0285714285714286,0.0285714285714286,0.0285714285714286,0.0285714285714286,0.0285714285714286,0.0285714285714286,0.0285714285714286,0.0285714285714286,0.0285714285714286,0.0285714285714286,0.0285714285714286,0.0285714285714286,0.0285714285714286,0.0285714285714286,0.0285714285714286,0.0285714285714286,0.0285714285714286,0.0285714285714286,0.0285714285714286,0.0285714285714286,0.0285714285714286,0.0285714285714286,0.0285714285714286,0.0285714285714286,0.0285714285714286,0.0285714285714286,0.0285714285714286,0.0285714285714286,0.0285714285714286,0.0285714285714286,0.0285714285714286,0.0285714285714286,0.0285714285714286,0.0285714285714286,0.0285714285714286,0.0285714285714286,0.557142857142857,0.557142857142857,0.557142857142857,0.557142857142857,0.557142857142857,0.557142857142857,0.685714285714286,0.685714285714286,0.685714285714286,0.685714285714286,0.685714285714286,0.685714285714286,0.685714285714286,0.685714285714286,0.685714285714286,0.685714285714286,0.685714285714286,0.914285714285714,0.914285714285714,0.914285714285714,0.957142857142857,1,0.985714285714285,0.971428571428571,0.842857142857143,0.842857142857143,0.842857142857143,0.842857142857143,0.842857142857143,0.657142857142857,0.657142857142857,0.642857142857143,0,0
"Halichoeres miniatus",0.0285714285714286,0.0285714285714286,0.0285714285714286,0.0285714285714286,0.0285714285714286,0.0285714285714286,0.0285714285714286,0.0285714285714286,0.0285714285714286,0.0285714285714286,0.0285714285714286,0.0285714285714286,0.0285714285714286,0.0285714285714286,0.0285714285714286,0.0285714285714286,0.0285714285714286,0.0285714285714286,0.0285714285714286,0.0285714285714286,0.0285714285714286,0.0285714285714286,0.0285714285714286,0.0285714285714286,0.0285714285714286,0.0285714285714286,0.0285714285714286,0.0285714285714286,0.0285714285714286,0.0285714285714286,0.0285714285714286,0.0285714285714286,0.0285714285714286,0.0285714285714286,0.0285714285714286,0.0285714285714286,0.0285714285714286,0.557142857142857,0.557142857142857,0.557142857142857,0.557142857142857,0.557142857142857,0.557142857142857,0.685714285714286,0.685714285714286,0.685714285714286,0.685714285714286,0.685714285714286,0.685714285714286,0.685714285714286,0.685714285714286,0.685714285714286,0.685714285714286,0.685714285714286,0.914285714285714,0.914285714285714,0.914285714285714,0.957142857142857,0.985714285714285,1,0.971428571428571,0.842857142857143,0.842857142857143,0.842857142857143,0.842857142857143,0.842857142857143,0.657142857142857,0.657142857142857,0.642857142857143,0,0
"Thalassoma amblycephalum",0.0285714285714286,0.0285714285714286,0.0285714285714286,0.0285714285714286,0.0285714285714286,0.0285714285714286,0.0285714285714286,0.0285714285714286,0.0285714285714286,0.0285714285714286,0.0285714285714286,0.0285714285714286,0.0285714285714286,0.0285714285714286,0.0285714285714286,0.0285714285714286,0.0285714285714286,0.0285714285714286,0.0285714285714286,0.0285714285714286,0.0285714285714286,0.0285714285714286,0.0285714285714286,0.0285714285714286,0.0285714285714286,0.0285714285714286,0.0285714285714286,0.0285714285714286,0.0285714285714286,0.0285714285714286,0.0285714285714286,0.0285714285714286,0.0285714285714286,0.0285714285714286,0.0285714285714286,0.0285714285714286,0.0285714285714286,0.557142857142857,0.557142857142857,0.557142857142857,0.557142857142857,0.557142857142857,0.557142857142857,0.685714285714286,0.685714285714286,0.685714285714286,0.685714285714286,0.685714285714286,0.685714285714286,0.685714285714286,0.685714285714286,0.685714285714286,0.685714285714286,0.685714285714286,0.914285714285714,0.914285714285714,0.914285714285714,0.957142857142857,0.971428571428571,0.971428571428571,1,0.842857142857143,0.842857142857143,0.842857142857143,0.842857142857143,0.842857142857143,0.657142857142857,0.657142857142857,0.642857142857143,0,0
"Gasterosteus aculeatus",0.0285714285714286,0.0285714285714286,0.0285714285714286,0.0285714285714286,0.0285714285714286,0.0285714285714286,0.0285714285714286,0.0285714285714286,0.0285714285714286,0.0285714285714286,0.0285714285714286,0.0285714285714286,0.0285714285714286,0.0285714285714286,0.0285714285714286,0.0285714285714286,0.0285714285714286,0.0285714285714286,0.0285714285714286,0.0285714285714286,0.0285714285714286,0.0285714285714286,0.0285714285714286,0.0285714285714286,0.0285714285714286,0.0285714285714286,0.0285714285714286,0.0285714285714286,0.0285714285714286,0.0285714285714286,0.0285714285714286,0.0285714285714286,0.0285714285714286,0.0285714285714286,0.0285714285714286,0.0285714285714286,0.0285714285714286,0.557142857142857,0.557142857142857,0.557142857142857,0.557142857142857,0.557142857142857,0.557142857142857,0.685714285714286,0.685714285714286,0.685714285714286,0.685714285714286,0.685714285714286,0.685714285714286,0.685714285714286,0.685714285714286,0.685714285714286,0.685714285714286,0.685714285714286,0.842857142857143,0.842857142857143,0.842857142857143,0.842857142857143,0.842857142857143,0.842857142857143,0.842857142857143,1,0.985714285714286,0.971428571428571,0.942857142857143,0.942857142857143,0.657142857142857,0.657142857142857,0.642857142857143,0,0
"Perca fluviatilis",0.0285714285714286,0.0285714285714286,0.0285714285714286,0.0285714285714286,0.0285714285714286,0.0285714285714286,0.0285714285714286,0.0285714285714286,0.0285714285714286,0.0285714285714286,0.0285714285714286,0.0285714285714286,0.0285714285714286,0.0285714285714286,0.0285714285714286,0.0285714285714286,0.0285714285714286,0.0285714285714286,0.0285714285714286,0.0285714285714286,0.0285714285714286,0.0285714285714286,0.0285714285714286,0.0285714285714286,0.0285714285714286,0.0285714285714286,0.0285714285714286,0.0285714285714286,0.0285714285714286,0.0285714285714286,0.0285714285714286,0.0285714285714286,0.0285714285714286,0.0285714285714286,0.0285714285714286,0.0285714285714286,0.0285714285714286,0.557142857142857,0.557142857142857,0.557142857142857,0.557142857142857,0.557142857142857,0.557142857142857,0.685714285714286,0.685714285714286,0.685714285714286,0.685714285714286,0.685714285714286,0.685714285714286,0.685714285714286,0.685714285714286,0.685714285714286,0.685714285714286,0.685714285714286,0.842857142857143,0.842857142857143,0.842857142857143,0.842857142857143,0.842857142857143,0.842857142857143,0.842857142857143,0.985714285714286,1,0.971428571428571,0.942857142857143,0.942857142857143,0.657142857142857,0.657142857142857,0.642857142857143,0,0
"Centropristis striata",0.0285714285714286,0.0285714285714286,0.0285714285714286,0.0285714285714286,0.0285714285714286,0.0285714285714286,0.0285714285714286,0.0285714285714286,0.0285714285714286,0.0285714285714286,0.0285714285714286,0.0285714285714286,0.0285714285714286,0.0285714285714286,0.0285714285714286,0.0285714285714286,0.0285714285714286,0.0285714285714286,0.0285714285714286,0.0285714285714286,0.0285714285714286,0.0285714285714286,0.0285714285714286,0.0285714285714286,0.0285714285714286,0.0285714285714286,0.0285714285714286,0.0285714285714286,0.0285714285714286,0.0285714285714286,0.0285714285714286,0.0285714285714286,0.0285714285714286,0.0285714285714286,0.0285714285714286,0.0285714285714286,0.0285714285714286,0.557142857142857,0.557142857142857,0.557142857142857,0.557142857142857,0.557142857142857,0.557142857142857,0.685714285714286,0.685714285714286,0.685714285714286,0.685714285714286,0.685714285714286,0.685714285714286,0.685714285714286,0.685714285714286,0.685714285714286,0.685714285714286,0.685714285714286,0.842857142857143,0.842857142857143,0.842857142857143,0.842857142857143,0.842857142857143,0.842857142857143,0.842857142857143,0.971428571428571,0.971428571428571,1,0.942857142857143,0.942857142857143,0.657142857142857,0.657142857142857,0.642857142857143,0,0
"Siniperca chuatsi",0.0285714285714286,0.0285714285714286,0.0285714285714286,0.0285714285714286,0.0285714285714286,0.0285714285714286,0.0285714285714286,0.0285714285714286,0.0285714285714286,0.0285714285714286,0.0285714285714286,0.0285714285714286,0.0285714285714286,0.0285714285714286,0.0285714285714286,0.0285714285714286,0.0285714285714286,0.0285714285714286,0.0285714285714286,0.0285714285714286,0.0285714285714286,0.0285714285714286,0.0285714285714286,0.0285714285714286,0.0285714285714286,0.0285714285714286,0.0285714285714286,0.0285714285714286,0.0285714285714286,0.0285714285714286,0.0285714285714286,0.0285714285714286,0.0285714285714286,0.0285714285714286,0.0285714285714286,0.0285714285714286,0.0285714285714286,0.557142857142857,0.557142857142857,0.557142857142857,0.557142857142857,0.557142857142857,0.557142857142857,0.685714285714286,0.685714285714286,0.685714285714286,0.685714285714286,0.685714285714286,0.685714285714286,0.685714285714286,0.685714285714286,0.685714285714286,0.685714285714286,0.685714285714286,0.842857142857143,0.842857142857143,0.842857142857143,0.842857142857143,0.842857142857143,0.842857142857143,0.842857142857143,0.942857142857143,0.942857142857143,0.942857142857143,1,0.985714285714286,0.657142857142857,0.657142857142857,0.642857142857143,0,0
"Girella nigricans",0.0285714285714286,0.0285714285714286,0.0285714285714286,0.0285714285714286,0.0285714285714286,0.0285714285714286,0.0285714285714286,0.0285714285714286,0.0285714285714286,0.0285714285714286,0.0285714285714286,0.0285714285714286,0.0285714285714286,0.0285714285714286,0.0285714285714286,0.0285714285714286,0.0285714285714286,0.0285714285714286,0.0285714285714286,0.0285714285714286,0.0285714285714286,0.0285714285714286,0.0285714285714286,0.0285714285714286,0.0285714285714286,0.0285714285714286,0.0285714285714286,0.0285714285714286,0.0285714285714286,0.0285714285714286,0.0285714285714286,0.0285714285714286,0.0285714285714286,0.0285714285714286,0.0285714285714286,0.0285714285714286,0.0285714285714286,0.557142857142857,0.557142857142857,0.557142857142857,0.557142857142857,0.557142857142857,0.557142857142857,0.685714285714286,0.685714285714286,0.685714285714286,0.685714285714286,0.685714285714286,0.685714285714286,0.685714285714286,0.685714285714286,0.685714285714286,0.685714285714286,0.685714285714286,0.842857142857143,0.842857142857143,0.842857142857143,0.842857142857143,0.842857142857143,0.842857142857143,0.842857142857143,0.942857142857143,0.942857142857143,0.942857142857143,0.985714285714286,1,0.657142857142857,0.657142857142857,0.642857142857143,0,0
"Neogobius melanostomus",0.0285714285714286,0.0285714285714286,0.0285714285714286,0.0285714285714286,0.0285714285714286,0.0285714285714286,0.0285714285714286,0.0285714285714286,0.0285714285714286,0.0285714285714286,0.0285714285714286,0.0285714285714286,0.0285714285714286,0.0285714285714286,0.0285714285714286,0.0285714285714286,0.0285714285714286,0.0285714285714286,0.0285714285714286,0.0285714285714286,0.0285714285714286,0.0285714285714286,0.0285714285714286,0.0285714285714286,0.0285714285714286,0.0285714285714286,0.0285714285714286,0.0285714285714286,0.0285714285714286,0.0285714285714286,0.0285714285714286,0.0285714285714286,0.0285714285714286,0.0285714285714286,0.0285714285714286,0.0285714285714286,0.0285714285714286,0.557142857142857,0.557142857142857,0.557142857142857,0.557142857142857,0.557142857142857,0.557142857142857,0.657142857142857,0.657142857142857,0.657142857142857,0.657142857142857,0.657142857142857,0.657142857142857,0.657142857142857,0.657142857142857,0.657142857142857,0.657142857142857,0.657142857142857,0.657142857142857,0.657142857142857,0.657142857142857,0.657142857142857,0.657142857142857,0.657142857142857,0.657142857142857,0.657142857142857,0.657142857142857,0.657142857142857,0.657142857142857,0.657142857142857,1,0.985714285714286,0.642857142857143,0,0
"Rhinogobius giurinus",0.0285714285714286,0.0285714285714286,0.0285714285714286,0.0285714285714286,0.0285714285714286,0.0285714285714286,0.0285714285714286,0.0285714285714286,0.0285714285714286,0.0285714285714286,0.0285714285714286,0.0285714285714286,0.0285714285714286,0.0285714285714286,0.0285714285714286,0.0285714285714286,0.0285714285714286,0.0285714285714286,0.0285714285714286,0.0285714285714286,0.0285714285714286,0.0285714285714286,0.0285714285714286,0.0285714285714286,0.0285714285714286,0.0285714285714286,0.0285714285714286,0.0285714285714286,0.0285714285714286,0.0285714285714286,0.0285714285714286,0.0285714285714286,0.0285714285714286,0.0285714285714286,0.0285714285714286,0.0285714285714286,0.0285714285714286,0.557142857142857,0.557142857142857,0.557142857142857,0.557142857142857,0.557142857142857,0.557142857142857,0.657142857142857,0.657142857142857,0.657142857142857,0.657142857142857,0.657142857142857,0.657142857142857,0.657142857142857,0.657142857142857,0.657142857142857,0.657142857142857,0.657142857142857,0.657142857142857,0.657142857142857,0.657142857142857,0.657142857142857,0.657142857142857,0.657142857142857,0.657142857142857,0.657142857142857,0.657142857142857,0.657142857142857,0.657142857142857,0.657142857142857,0.985714285714286,1,0.642857142857143,0,0
"Boreogadus saida",0.0285714285714286,0.0285714285714286,0.0285714285714286,0.0285714285714286,0.0285714285714286,0.0285714285714286,0.0285714285714286,0.0285714285714286,0.0285714285714286,0.0285714285714286,0.0285714285714286,0.0285714285714286,0.0285714285714286,0.0285714285714286,0.0285714285714286,0.0285714285714286,0.0285714285714286,0.0285714285714286,0.0285714285714286,0.0285714285714286,0.0285714285714286,0.0285714285714286,0.0285714285714286,0.0285714285714286,0.0285714285714286,0.0285714285714286,0.0285714285714286,0.0285714285714286,0.0285714285714286,0.0285714285714286,0.0285714285714286,0.0285714285714286,0.0285714285714286,0.0285714285714286,0.0285714285714286,0.0285714285714286,0.0285714285714286,0.557142857142857,0.557142857142857,0.557142857142857,0.557142857142857,0.557142857142857,0.557142857142857,0.642857142857143,0.642857142857143,0.642857142857143,0.642857142857143,0.642857142857143,0.642857142857143,0.642857142857143,0.642857142857143,0.642857142857143,0.642857142857143,0.642857142857143,0.642857142857143,0.642857142857143,0.642857142857143,0.642857142857143,0.642857142857143,0.642857142857143,0.642857142857143,0.642857142857143,0.642857142857143,0.642857142857143,0.642857142857143,0.642857142857143,0.642857142857143,0.642857142857143,1,0,0
"Hemiscyllium ocellatum",0,0,0,0,0,0,0,0,0,0,0,0,0,0,0,0,0,0,0,0,0,0,0,0,0,0,0,0,0,0,0,0,0,0,0,0,0,0,0,0,0,0,0,0,0,0,0,0,0,0,0,0,0,0,0,0,0,0,0,0,0,0,0,0,0,0,0,0,0,1,0.985714285714286
"Somniosus microcephalus",0,0,0,0,0,0,0,0,0,0,0,0,0,0,0,0,0,0,0,0,0,0,0,0,0,0,0,0,0,0,0,0,0,0,0,0,0,0,0,0,0,0,0,0,0,0,0,0,0,0,0,0,0,0,0,0,0,0,0,0,0,0,0,0,0,0,0,0,0,0.985714285714286,1
